transfermarkt_player_id,transfermarkt_player_name,understat_player_id,understat_player_name,identity_status,identity_method
404842,Vitaliy Mykolenko,10291,Vitalii Mykolenko,CONFIRMED_GOLDEN_SLICE,STABLE_CROSSWALK
717411,Yegor Yarmolyuk,11772,Yehor Yarmolyuk,CONFIRMED_GOLDEN_SLICE,STABLE_CROSSWALK
316264,Martin Ødegaard,2517,Martin Odegaard,CONFIRMED_GOLDEN_SLICE,STABLE_CROSSWALK
513245,Jesper Lindstrøm,9752,Jesper Lindstrom,CONFIRMED_GOLDEN_SLICE,STABLE_CROSSWALK
444211,Will Smallbone,8224,William Smallbone,CONFIRMED_GOLDEN_SLICE,STABLE_CROSSWALK
1011131,Josh King,12410,Joshua King,CONFIRMED_GOLDEN_SLICE,STABLE_CROSSWALK
537860,Mykhaylo Mudryk,11305,Mykhailo Mudryk,CONFIRMED_GOLDEN_SLICE,STABLE_CROSSWALK
763079,Abdukodir Khusanov,11763,Abduqodir Khusanov,CONFIRMED_GOLDEN_SLICE,STABLE_CROSSWALK
585323,Filip Jørgensen,9272,Filip Jorgensen,CONFIRMED_GOLDEN_SLICE,STABLE_CROSSWALK
369316,Ferdi Kadıoğlu,13066,Ferdi Kadioglu,CONFIRMED_GOLDEN_SLICE,STABLE_CROSSWALK
503981,Tino Livramento,9512,Valentino Livramento,CONFIRMED_GOLDEN_SLICE,STABLE_CROSSWALK
659089,Ilya Zabarnyi,11486,Illia Zabarnyi,CONFIRMED_GOLDEN_SLICE,STABLE_CROSSWALK
743591,Savinho,11735,Sávio,CONFIRMED_GOLDEN_SLICE,STABLE_CROSSWALK
425334,Matty Cash,8864,Matthew Cash,CONFIRMED_GOLDEN_SLICE,STABLE_CROSSWALK
543387,Cheick Doucouré,8666,Cheick Oumar Doucoure,CONFIRMED_GOLDEN_SLICE,STABLE_CROSSWALK
665390,Jaden Philogene,9415,Jaden Philogene-Bidace,CONFIRMED_GOLDEN_SLICE,STABLE_CROSSWALK
430310,Andrew Irving,12774,Andy Irving,CONFIRMED_GOLDEN_SLICE,STABLE_CROSSWALK
256178,Joe Gomez,987,Joseph Gomez,CONFIRMED_GOLDEN_SLICE,STABLE_CROSSWALK
336077,Altay Bayındır,12054,Altay Bayindir,CONFIRMED_GOLDEN_SLICE,STABLE_CROSSWALK
503866,Albert Grønbaek,12880,Albert Grønbæk,CONFIRMED_GOLDEN_SLICE,STABLE_CROSSWALK
525247,Maximilian Kilman,7332,Max Kilman,CONFIRMED_GOLDEN_SLICE,STABLE_CROSSWALK
568693,Pape Matar Sarr,9021,Pape Sarr,CONFIRMED_GOLDEN_SLICE,STABLE_CROSSWALK
536835,Amad Diallo,8127,Amad Diallo Traore,CONFIRMED_GOLDEN_SLICE,STABLE_CROSSWALK
413403,Ezri Konsa,7726,Ezri Konsa Ngoyo,CONFIRMED_GOLDEN_SLICE,STABLE_CROSSWALK
556385,Destiny Udogie,8831,Iyenoma Destiny Udogie,CONFIRMED_GOLDEN_SLICE,STABLE_CROSSWALK
85941,Stefan Ortega,8786,Stefan Ortega Moreno,CONFIRMED_GOLDEN_SLICE,STABLE_CROSSWALK
463603,Benoît Badiashile,7240,Benoit Badiashile Mukinayi,CONFIRMED_GOLDEN_SLICE,STABLE_CROSSWALK
739443,Igor Thiago,13222,Thiago,CONFIRMED_GOLDEN_SLICE,STABLE_CROSSWALK
349599,Pervis Estupiñán,5136,Estupiñán,CONFIRMED_GOLDEN_SLICE,STABLE_CROSSWALK
1042886,Chido Obi,13466,Chido Obi-Martin,CONFIRMED_GOLDEN_SLICE,STABLE_CROSSWALK
91845,Heung-min Son,453,Son Heung-Min,CONFIRMED_GOLDEN_SLICE,STABLE_CROSSWALK
468198,Joe Aribo,10766,Joe Ayodele-Aribo,CONFIRMED_GOLDEN_SLICE,STABLE_CROSSWALK
709767,Ji-soo Kim,12136,Kim Ji-Soo,CONFIRMED_GOLDEN_SLICE,STABLE_CROSSWALK
711999,Lesley Ugochukwu,9451,Chimuanya Ugochukwu,CONFIRMED_GOLDEN_SLICE,STABLE_CROSSWALK
186186,Bobby De Cordova-Reid,6827,Bobby Reid,CONFIRMED_GOLDEN_SLICE,STABLE_CROSSWALK
192279,Kepa Arrizabalaga,5061,Kepa,CONFIRMED_GOLDEN_SLICE,STABLE_CROSSWALK
