tm_game_id,understat_game_id,tm_match_date,understat_match_date,tm_home_team,tm_away_team,understat_home_team,understat_away_team,candidate_count,candidate_ids,mapping_status,mapping_method,mapping_reason,understat_league,season
4361261,26602,2024-08-16,2024-08-16,Manchester United,Fulham FC,Manchester United,Fulham,1,26602,MATCH_CONFIRMED,EXACT_DATE_TEAMS,EXACT_DATE_TEAMS_SCORE_COMPATIBLE,ENG-Premier League,2024
4361262,26603,2024-08-17,2024-08-17,Ipswich Town,Liverpool FC,Ipswich,Liverpool,1,26603,MATCH_CONFIRMED,EXACT_DATE_TEAMS,EXACT_DATE_TEAMS_SCORE_COMPATIBLE,ENG-Premier League,2024
4361263,26604,2024-08-17,2024-08-17,Arsenal FC,Wolverhampton Wanderers,Arsenal,Wolverhampton Wanderers,1,26604,MATCH_CONFIRMED,EXACT_DATE_TEAMS,EXACT_DATE_TEAMS_SCORE_COMPATIBLE,ENG-Premier League,2024
4361264,26605,2024-08-17,2024-08-17,Everton FC,Brighton & Hove Albion,Everton,Brighton,1,26605,MATCH_CONFIRMED,EXACT_DATE_TEAMS,EXACT_DATE_TEAMS_SCORE_COMPATIBLE,ENG-Premier League,2024
4361265,26606,2024-08-17,2024-08-17,Newcastle United,Southampton FC,Newcastle United,Southampton,1,26606,MATCH_CONFIRMED,EXACT_DATE_TEAMS,EXACT_DATE_TEAMS_SCORE_COMPATIBLE,ENG-Premier League,2024
4361266,26607,2024-08-17,2024-08-17,Nottingham Forest,AFC Bournemouth,Nottingham Forest,Bournemouth,1,26607,MATCH_CONFIRMED,EXACT_DATE_TEAMS,EXACT_DATE_TEAMS_SCORE_COMPATIBLE,ENG-Premier League,2024
4361267,26608,2024-08-17,2024-08-17,West Ham United,Aston Villa,West Ham,Aston Villa,1,26608,MATCH_CONFIRMED,EXACT_DATE_TEAMS,EXACT_DATE_TEAMS_SCORE_COMPATIBLE,ENG-Premier League,2024
4361268,26609,2024-08-18,2024-08-18,Brentford FC,Crystal Palace,Brentford,Crystal Palace,1,26609,MATCH_CONFIRMED,EXACT_DATE_TEAMS,EXACT_DATE_TEAMS_SCORE_COMPATIBLE,ENG-Premier League,2024
4361269,26610,2024-08-18,2024-08-18,Chelsea FC,Manchester City,Chelsea,Manchester City,1,26610,MATCH_CONFIRMED,EXACT_DATE_TEAMS,EXACT_DATE_TEAMS_SCORE_COMPATIBLE,ENG-Premier League,2024
4361270,26611,2024-08-19,2024-08-19,Leicester City,Tottenham Hotspur,Leicester,Tottenham,1,26611,MATCH_CONFIRMED,EXACT_DATE_TEAMS,EXACT_DATE_TEAMS_SCORE_COMPATIBLE,ENG-Premier League,2024
4361272,26618,2024-08-24,2024-08-24,Aston Villa,Arsenal FC,Aston Villa,Arsenal,1,26618,MATCH_CONFIRMED,EXACT_DATE_TEAMS,EXACT_DATE_TEAMS_SCORE_COMPATIBLE,ENG-Premier League,2024
4361273,26612,2024-08-24,2024-08-24,Brighton & Hove Albion,Manchester United,Brighton,Manchester United,1,26612,MATCH_CONFIRMED,EXACT_DATE_TEAMS,EXACT_DATE_TEAMS_SCORE_COMPATIBLE,ENG-Premier League,2024
4361274,26613,2024-08-24,2024-08-24,Crystal Palace,West Ham United,Crystal Palace,West Ham,1,26613,MATCH_CONFIRMED,EXACT_DATE_TEAMS,EXACT_DATE_TEAMS_SCORE_COMPATIBLE,ENG-Premier League,2024
4361275,26614,2024-08-24,2024-08-24,Fulham FC,Leicester City,Fulham,Leicester,1,26614,MATCH_CONFIRMED,EXACT_DATE_TEAMS,EXACT_DATE_TEAMS_SCORE_COMPATIBLE,ENG-Premier League,2024
4361277,26615,2024-08-24,2024-08-24,Manchester City,Ipswich Town,Manchester City,Ipswich,1,26615,MATCH_CONFIRMED,EXACT_DATE_TEAMS,EXACT_DATE_TEAMS_SCORE_COMPATIBLE,ENG-Premier League,2024
4361278,26616,2024-08-24,2024-08-24,Southampton FC,Nottingham Forest,Southampton,Nottingham Forest,1,26616,MATCH_CONFIRMED,EXACT_DATE_TEAMS,EXACT_DATE_TEAMS_SCORE_COMPATIBLE,ENG-Premier League,2024
4361279,26617,2024-08-24,2024-08-24,Tottenham Hotspur,Everton FC,Tottenham,Everton,1,26617,MATCH_CONFIRMED,EXACT_DATE_TEAMS,EXACT_DATE_TEAMS_SCORE_COMPATIBLE,ENG-Premier League,2024
4361271,26620,2024-08-25,2024-08-25,AFC Bournemouth,Newcastle United,Bournemouth,Newcastle United,1,26620,MATCH_CONFIRMED,EXACT_DATE_TEAMS,EXACT_DATE_TEAMS_SCORE_COMPATIBLE,ENG-Premier League,2024
4361276,26621,2024-08-25,2024-08-25,Liverpool FC,Brentford FC,Liverpool,Brentford,1,26621,MATCH_CONFIRMED,EXACT_DATE_TEAMS,EXACT_DATE_TEAMS_SCORE_COMPATIBLE,ENG-Premier League,2024
4361280,26619,2024-08-25,2024-08-25,Wolverhampton Wanderers,Chelsea FC,Wolverhampton Wanderers,Chelsea,1,26619,MATCH_CONFIRMED,EXACT_DATE_TEAMS,EXACT_DATE_TEAMS_SCORE_COMPATIBLE,ENG-Premier League,2024
4361290,26622,2024-08-31,2024-08-31,Arsenal FC,Brighton & Hove Albion,Arsenal,Brighton,1,26622,MATCH_CONFIRMED,EXACT_DATE_TEAMS,EXACT_DATE_TEAMS_SCORE_COMPATIBLE,ENG-Premier League,2024
4361291,26623,2024-08-31,2024-08-31,Brentford FC,Southampton FC,Brentford,Southampton,1,26623,MATCH_CONFIRMED,EXACT_DATE_TEAMS,EXACT_DATE_TEAMS_SCORE_COMPATIBLE,ENG-Premier League,2024
4361293,26624,2024-08-31,2024-08-31,Everton FC,AFC Bournemouth,Everton,Bournemouth,1,26624,MATCH_CONFIRMED,EXACT_DATE_TEAMS,EXACT_DATE_TEAMS_SCORE_COMPATIBLE,ENG-Premier League,2024
4361294,26625,2024-08-31,2024-08-31,Ipswich Town,Fulham FC,Ipswich,Fulham,1,26625,MATCH_CONFIRMED,EXACT_DATE_TEAMS,EXACT_DATE_TEAMS_SCORE_COMPATIBLE,ENG-Premier League,2024
4361295,26626,2024-08-31,2024-08-31,Leicester City,Aston Villa,Leicester,Aston Villa,1,26626,MATCH_CONFIRMED,EXACT_DATE_TEAMS,EXACT_DATE_TEAMS_SCORE_COMPATIBLE,ENG-Premier League,2024
4361298,26627,2024-08-31,2024-08-31,Nottingham Forest,Wolverhampton Wanderers,Nottingham Forest,Wolverhampton Wanderers,1,26627,MATCH_CONFIRMED,EXACT_DATE_TEAMS,EXACT_DATE_TEAMS_SCORE_COMPATIBLE,ENG-Premier League,2024
4361299,26628,2024-08-31,2024-08-31,West Ham United,Manchester City,West Ham,Manchester City,1,26628,MATCH_CONFIRMED,EXACT_DATE_TEAMS,EXACT_DATE_TEAMS_SCORE_COMPATIBLE,ENG-Premier League,2024
4361292,26630,2024-09-01,2024-09-01,Chelsea FC,Crystal Palace,Chelsea,Crystal Palace,1,26630,MATCH_CONFIRMED,EXACT_DATE_TEAMS,EXACT_DATE_TEAMS_SCORE_COMPATIBLE,ENG-Premier League,2024
4361296,26631,2024-09-01,2024-09-01,Manchester United,Liverpool FC,Manchester United,Liverpool,1,26631,MATCH_CONFIRMED,EXACT_DATE_TEAMS,EXACT_DATE_TEAMS_SCORE_COMPATIBLE,ENG-Premier League,2024
4361297,26629,2024-09-01,2024-09-01,Newcastle United,Tottenham Hotspur,Newcastle United,Tottenham,1,26629,MATCH_CONFIRMED,EXACT_DATE_TEAMS,EXACT_DATE_TEAMS_SCORE_COMPATIBLE,ENG-Premier League,2024
4361350,26639,2024-09-14,2024-09-14,AFC Bournemouth,Chelsea FC,Bournemouth,Chelsea,1,26639,MATCH_CONFIRMED,EXACT_DATE_TEAMS,EXACT_DATE_TEAMS_SCORE_COMPATIBLE,ENG-Premier League,2024
4361351,26638,2024-09-14,2024-09-14,Aston Villa,Everton FC,Aston Villa,Everton,1,26638,MATCH_CONFIRMED,EXACT_DATE_TEAMS,EXACT_DATE_TEAMS_SCORE_COMPATIBLE,ENG-Premier League,2024
4361352,26633,2024-09-14,2024-09-14,Brighton & Hove Albion,Ipswich Town,Brighton,Ipswich,1,26633,MATCH_CONFIRMED,EXACT_DATE_TEAMS,EXACT_DATE_TEAMS_SCORE_COMPATIBLE,ENG-Premier League,2024
4361353,26636,2024-09-14,2024-09-14,Crystal Palace,Leicester City,Crystal Palace,Leicester,1,26636,MATCH_CONFIRMED,EXACT_DATE_TEAMS,EXACT_DATE_TEAMS_SCORE_COMPATIBLE,ENG-Premier League,2024
4361354,26634,2024-09-14,2024-09-14,Fulham FC,West Ham United,Fulham,West Ham,1,26634,MATCH_CONFIRMED,EXACT_DATE_TEAMS,EXACT_DATE_TEAMS_SCORE_COMPATIBLE,ENG-Premier League,2024
4361355,26635,2024-09-14,2024-09-14,Liverpool FC,Nottingham Forest,Liverpool,Nottingham Forest,1,26635,MATCH_CONFIRMED,EXACT_DATE_TEAMS,EXACT_DATE_TEAMS_SCORE_COMPATIBLE,ENG-Premier League,2024
4361356,26637,2024-09-14,2024-09-14,Manchester City,Brentford FC,Manchester City,Brentford,1,26637,MATCH_CONFIRMED,EXACT_DATE_TEAMS,EXACT_DATE_TEAMS_SCORE_COMPATIBLE,ENG-Premier League,2024
4361357,26632,2024-09-14,2024-09-14,Southampton FC,Manchester United,Southampton,Manchester United,1,26632,MATCH_CONFIRMED,EXACT_DATE_TEAMS,EXACT_DATE_TEAMS_SCORE_COMPATIBLE,ENG-Premier League,2024
4361358,26640,2024-09-15,2024-09-15,Tottenham Hotspur,Arsenal FC,Tottenham,Arsenal,1,26640,MATCH_CONFIRMED,EXACT_DATE_TEAMS,EXACT_DATE_TEAMS_SCORE_COMPATIBLE,ENG-Premier League,2024
4361359,26641,2024-09-15,2024-09-15,Wolverhampton Wanderers,Newcastle United,Wolverhampton Wanderers,Newcastle United,1,26641,MATCH_CONFIRMED,EXACT_DATE_TEAMS,EXACT_DATE_TEAMS_SCORE_COMPATIBLE,ENG-Premier League,2024
4361360,26647,2024-09-21,2024-09-21,Aston Villa,Wolverhampton Wanderers,Aston Villa,Wolverhampton Wanderers,1,26647,MATCH_CONFIRMED,EXACT_DATE_TEAMS,EXACT_DATE_TEAMS_SCORE_COMPATIBLE,ENG-Premier League,2024
4361362,26649,2024-09-21,2024-09-21,Crystal Palace,Manchester United,Crystal Palace,Manchester United,1,26649,MATCH_CONFIRMED,EXACT_DATE_TEAMS,EXACT_DATE_TEAMS_SCORE_COMPATIBLE,ENG-Premier League,2024
4361363,26646,2024-09-21,2024-09-21,Fulham FC,Newcastle United,Fulham,Newcastle United,1,26646,MATCH_CONFIRMED,EXACT_DATE_TEAMS,EXACT_DATE_TEAMS_SCORE_COMPATIBLE,ENG-Premier League,2024
4361364,26644,2024-09-21,2024-09-21,Leicester City,Everton FC,Leicester,Everton,1,26644,MATCH_CONFIRMED,EXACT_DATE_TEAMS,EXACT_DATE_TEAMS_SCORE_COMPATIBLE,ENG-Premier League,2024
4361365,26645,2024-09-21,2024-09-21,Liverpool FC,AFC Bournemouth,Liverpool,Bournemouth,1,26645,MATCH_CONFIRMED,EXACT_DATE_TEAMS,EXACT_DATE_TEAMS_SCORE_COMPATIBLE,ENG-Premier League,2024
4361367,26643,2024-09-21,2024-09-21,Southampton FC,Ipswich Town,Southampton,Ipswich,1,26643,MATCH_CONFIRMED,EXACT_DATE_TEAMS,EXACT_DATE_TEAMS_SCORE_COMPATIBLE,ENG-Premier League,2024
4361368,26648,2024-09-21,2024-09-21,Tottenham Hotspur,Brentford FC,Tottenham,Brentford,1,26648,MATCH_CONFIRMED,EXACT_DATE_TEAMS,EXACT_DATE_TEAMS_SCORE_COMPATIBLE,ENG-Premier League,2024
4361369,26642,2024-09-21,2024-09-21,West Ham United,Chelsea FC,West Ham,Chelsea,1,26642,MATCH_CONFIRMED,EXACT_DATE_TEAMS,EXACT_DATE_TEAMS_SCORE_COMPATIBLE,ENG-Premier League,2024
4361361,26650,2024-09-22,2024-09-22,Brighton & Hove Albion,Nottingham Forest,Brighton,Nottingham Forest,1,26650,MATCH_CONFIRMED,EXACT_DATE_TEAMS,EXACT_DATE_TEAMS_SCORE_COMPATIBLE,ENG-Premier League,2024
4361366,26651,2024-09-22,2024-09-22,Manchester City,Arsenal FC,Manchester City,Arsenal,1,26651,MATCH_CONFIRMED,EXACT_DATE_TEAMS,EXACT_DATE_TEAMS_SCORE_COMPATIBLE,ENG-Premier League,2024
4361371,26655,2024-09-28,2024-09-28,Arsenal FC,Leicester City,Arsenal,Leicester,1,26655,MATCH_CONFIRMED,EXACT_DATE_TEAMS,EXACT_DATE_TEAMS_SCORE_COMPATIBLE,ENG-Premier League,2024
4361372,26656,2024-09-28,2024-09-28,Brentford FC,West Ham United,Brentford,West Ham,1,26656,MATCH_CONFIRMED,EXACT_DATE_TEAMS,EXACT_DATE_TEAMS_SCORE_COMPATIBLE,ENG-Premier League,2024
4361373,26657,2024-09-28,2024-09-28,Chelsea FC,Brighton & Hove Albion,Chelsea,Brighton,1,26657,MATCH_CONFIRMED,EXACT_DATE_TEAMS,EXACT_DATE_TEAMS_SCORE_COMPATIBLE,ENG-Premier League,2024
4361374,26654,2024-09-28,2024-09-28,Everton FC,Crystal Palace,Everton,Crystal Palace,1,26654,MATCH_CONFIRMED,EXACT_DATE_TEAMS,EXACT_DATE_TEAMS_SCORE_COMPATIBLE,ENG-Premier League,2024
4361377,26652,2024-09-28,2024-09-28,Newcastle United,Manchester City,Newcastle United,Manchester City,1,26652,MATCH_CONFIRMED,EXACT_DATE_TEAMS,EXACT_DATE_TEAMS_SCORE_COMPATIBLE,ENG-Premier League,2024
4361378,26653,2024-09-28,2024-09-28,Nottingham Forest,Fulham FC,Nottingham Forest,Fulham,1,26653,MATCH_CONFIRMED,EXACT_DATE_TEAMS,EXACT_DATE_TEAMS_SCORE_COMPATIBLE,ENG-Premier League,2024
4361379,26658,2024-09-28,2024-09-28,Wolverhampton Wanderers,Liverpool FC,Wolverhampton Wanderers,Liverpool,1,26658,MATCH_CONFIRMED,EXACT_DATE_TEAMS,EXACT_DATE_TEAMS_SCORE_COMPATIBLE,ENG-Premier League,2024
4361375,26659,2024-09-29,2024-09-29,Ipswich Town,Aston Villa,Ipswich,Aston Villa,1,26659,MATCH_CONFIRMED,EXACT_DATE_TEAMS,EXACT_DATE_TEAMS_SCORE_COMPATIBLE,ENG-Premier League,2024
4361376,26660,2024-09-29,2024-09-29,Manchester United,Tottenham Hotspur,Manchester United,Tottenham,1,26660,MATCH_CONFIRMED,EXACT_DATE_TEAMS,EXACT_DATE_TEAMS_SCORE_COMPATIBLE,ENG-Premier League,2024
4361370,26661,2024-09-30,2024-09-30,AFC Bournemouth,Southampton FC,Bournemouth,Southampton,1,26661,MATCH_CONFIRMED,EXACT_DATE_TEAMS,EXACT_DATE_TEAMS_SCORE_COMPATIBLE,ENG-Premier League,2024
4361380,26666,2024-10-05,2024-10-05,Arsenal FC,Southampton FC,Arsenal,Southampton,1,26666,MATCH_CONFIRMED,EXACT_DATE_TEAMS,EXACT_DATE_TEAMS_SCORE_COMPATIBLE,ENG-Premier League,2024
4361382,26667,2024-10-05,2024-10-05,Brentford FC,Wolverhampton Wanderers,Brentford,Wolverhampton Wanderers,1,26667,MATCH_CONFIRMED,EXACT_DATE_TEAMS,EXACT_DATE_TEAMS_SCORE_COMPATIBLE,ENG-Premier League,2024
4361385,26662,2024-10-05,2024-10-05,Crystal Palace,Liverpool FC,Crystal Palace,Liverpool,1,26662,MATCH_CONFIRMED,EXACT_DATE_TEAMS,EXACT_DATE_TEAMS_SCORE_COMPATIBLE,ENG-Premier League,2024
4361386,26669,2024-10-05,2024-10-05,Everton FC,Newcastle United,Everton,Newcastle United,1,26669,MATCH_CONFIRMED,EXACT_DATE_TEAMS,EXACT_DATE_TEAMS_SCORE_COMPATIBLE,ENG-Premier League,2024
4361387,26663,2024-10-05,2024-10-05,Leicester City,AFC Bournemouth,Leicester,Bournemouth,1,26663,MATCH_CONFIRMED,EXACT_DATE_TEAMS,EXACT_DATE_TEAMS_SCORE_COMPATIBLE,ENG-Premier League,2024
4361388,26664,2024-10-05,2024-10-05,Manchester City,Fulham FC,Manchester City,Fulham,1,26664,MATCH_CONFIRMED,EXACT_DATE_TEAMS,EXACT_DATE_TEAMS_SCORE_COMPATIBLE,ENG-Premier League,2024
4361389,26665,2024-10-05,2024-10-05,West Ham United,Ipswich Town,West Ham,Ipswich,1,26665,MATCH_CONFIRMED,EXACT_DATE_TEAMS,EXACT_DATE_TEAMS_SCORE_COMPATIBLE,ENG-Premier League,2024
4361381,26670,2024-10-06,2024-10-06,Aston Villa,Manchester United,Aston Villa,Manchester United,1,26670,MATCH_CONFIRMED,EXACT_DATE_TEAMS,EXACT_DATE_TEAMS_SCORE_COMPATIBLE,ENG-Premier League,2024
4361383,26671,2024-10-06,2024-10-06,Brighton & Hove Albion,Tottenham Hotspur,Brighton,Tottenham,1,26671,MATCH_CONFIRMED,EXACT_DATE_TEAMS,EXACT_DATE_TEAMS_SCORE_COMPATIBLE,ENG-Premier League,2024
4361384,26668,2024-10-06,2024-10-06,Chelsea FC,Nottingham Forest,Chelsea,Nottingham Forest,1,26668,MATCH_CONFIRMED,EXACT_DATE_TEAMS,EXACT_DATE_TEAMS_SCORE_COMPATIBLE,ENG-Premier League,2024
4361390,26680,2024-10-19,2024-10-19,AFC Bournemouth,Arsenal FC,Bournemouth,Arsenal,1,26680,MATCH_CONFIRMED,EXACT_DATE_TEAMS,EXACT_DATE_TEAMS_SCORE_COMPATIBLE,ENG-Premier League,2024
4361391,26673,2024-10-19,2024-10-19,Fulham FC,Aston Villa,Fulham,Aston Villa,1,26673,MATCH_CONFIRMED,EXACT_DATE_TEAMS,EXACT_DATE_TEAMS_SCORE_COMPATIBLE,ENG-Premier League,2024
4361392,26674,2024-10-19,2024-10-19,Ipswich Town,Everton FC,Ipswich,Everton,1,26674,MATCH_CONFIRMED,EXACT_DATE_TEAMS,EXACT_DATE_TEAMS_SCORE_COMPATIBLE,ENG-Premier League,2024
4361394,26675,2024-10-19,2024-10-19,Manchester United,Brentford FC,Manchester United,Brentford,1,26675,MATCH_CONFIRMED,EXACT_DATE_TEAMS,EXACT_DATE_TEAMS_SCORE_COMPATIBLE,ENG-Premier League,2024
4361395,26676,2024-10-19,2024-10-19,Newcastle United,Brighton & Hove Albion,Newcastle United,Brighton,1,26676,MATCH_CONFIRMED,EXACT_DATE_TEAMS,EXACT_DATE_TEAMS_SCORE_COMPATIBLE,ENG-Premier League,2024
4361397,26678,2024-10-19,2024-10-19,Southampton FC,Leicester City,Southampton,Leicester,1,26678,MATCH_CONFIRMED,EXACT_DATE_TEAMS,EXACT_DATE_TEAMS_SCORE_COMPATIBLE,ENG-Premier League,2024
4361398,26672,2024-10-19,2024-10-19,Tottenham Hotspur,West Ham United,Tottenham,West Ham,1,26672,MATCH_CONFIRMED,EXACT_DATE_TEAMS,EXACT_DATE_TEAMS_SCORE_COMPATIBLE,ENG-Premier League,2024
4361393,26679,2024-10-20,2024-10-20,Liverpool FC,Chelsea FC,Liverpool,Chelsea,1,26679,MATCH_CONFIRMED,EXACT_DATE_TEAMS,EXACT_DATE_TEAMS_SCORE_COMPATIBLE,ENG-Premier League,2024
4361399,26681,2024-10-20,2024-10-20,Wolverhampton Wanderers,Manchester City,Wolverhampton Wanderers,Manchester City,1,26681,MATCH_CONFIRMED,EXACT_DATE_TEAMS,EXACT_DATE_TEAMS_SCORE_COMPATIBLE,ENG-Premier League,2024
4361396,26677,2024-10-21,2024-10-21,Nottingham Forest,Crystal Palace,Nottingham Forest,Crystal Palace,1,26677,MATCH_CONFIRMED,EXACT_DATE_TEAMS,EXACT_DATE_TEAMS_SCORE_COMPATIBLE,ENG-Premier League,2024
4361406,26682,2024-10-25,2024-10-25,Leicester City,Nottingham Forest,Leicester,Nottingham Forest,1,26682,MATCH_CONFIRMED,EXACT_DATE_TEAMS,EXACT_DATE_TEAMS_SCORE_COMPATIBLE,ENG-Premier League,2024
4361401,26684,2024-10-26,2024-10-26,Aston Villa,AFC Bournemouth,Aston Villa,Bournemouth,1,26684,MATCH_CONFIRMED,EXACT_DATE_TEAMS,EXACT_DATE_TEAMS_SCORE_COMPATIBLE,ENG-Premier League,2024
4361402,26685,2024-10-26,2024-10-26,Brentford FC,Ipswich Town,Brentford,Ipswich,1,26685,MATCH_CONFIRMED,EXACT_DATE_TEAMS,EXACT_DATE_TEAMS_SCORE_COMPATIBLE,ENG-Premier League,2024
4361403,26686,2024-10-26,2024-10-26,Brighton & Hove Albion,Wolverhampton Wanderers,Brighton,Wolverhampton Wanderers,1,26686,MATCH_CONFIRMED,EXACT_DATE_TEAMS,EXACT_DATE_TEAMS_SCORE_COMPATIBLE,ENG-Premier League,2024
4361405,26687,2024-10-26,2024-10-26,Everton FC,Fulham FC,Everton,Fulham,1,26687,MATCH_CONFIRMED,EXACT_DATE_TEAMS,EXACT_DATE_TEAMS_SCORE_COMPATIBLE,ENG-Premier League,2024
4361407,26683,2024-10-26,2024-10-26,Manchester City,Southampton FC,Manchester City,Southampton,1,26683,MATCH_CONFIRMED,EXACT_DATE_TEAMS,EXACT_DATE_TEAMS_SCORE_COMPATIBLE,ENG-Premier League,2024
4361400,26691,2024-10-27,2024-10-27,Arsenal FC,Liverpool FC,Arsenal,Liverpool,1,26691,MATCH_CONFIRMED,EXACT_DATE_TEAMS,EXACT_DATE_TEAMS_SCORE_COMPATIBLE,ENG-Premier League,2024
4361404,26688,2024-10-27,2024-10-27,Chelsea FC,Newcastle United,Chelsea,Newcastle United,1,26688,MATCH_CONFIRMED,EXACT_DATE_TEAMS,EXACT_DATE_TEAMS_SCORE_COMPATIBLE,ENG-Premier League,2024
4361408,26690,2024-10-27,2024-10-27,West Ham United,Manchester United,West Ham,Manchester United,1,26690,MATCH_CONFIRMED,EXACT_DATE_TEAMS,EXACT_DATE_TEAMS_SCORE_COMPATIBLE,ENG-Premier League,2024
4361409,26689,2024-10-27,2024-10-27,Crystal Palace,Tottenham Hotspur,Crystal Palace,Tottenham,1,26689,MATCH_CONFIRMED,EXACT_DATE_TEAMS,EXACT_DATE_TEAMS_SCORE_COMPATIBLE,ENG-Premier League,2024
4361410,26692,2024-11-02,2024-11-02,AFC Bournemouth,Manchester City,Bournemouth,Manchester City,1,26692,MATCH_CONFIRMED,EXACT_DATE_TEAMS,EXACT_DATE_TEAMS_SCORE_COMPATIBLE,ENG-Premier League,2024
4361412,26695,2024-11-02,2024-11-02,Ipswich Town,Leicester City,Ipswich,Leicester,1,26695,MATCH_CONFIRMED,EXACT_DATE_TEAMS,EXACT_DATE_TEAMS_SCORE_COMPATIBLE,ENG-Premier League,2024
4361413,26696,2024-11-02,2024-11-02,Liverpool FC,Brighton & Hove Albion,Liverpool,Brighton,1,26696,MATCH_CONFIRMED,EXACT_DATE_TEAMS,EXACT_DATE_TEAMS_SCORE_COMPATIBLE,ENG-Premier League,2024
4361415,26694,2024-11-02,2024-11-02,Newcastle United,Arsenal FC,Newcastle United,Arsenal,1,26694,MATCH_CONFIRMED,EXACT_DATE_TEAMS,EXACT_DATE_TEAMS_SCORE_COMPATIBLE,ENG-Premier League,2024
4361416,26698,2024-11-02,2024-11-02,Nottingham Forest,West Ham United,Nottingham Forest,West Ham,1,26698,MATCH_CONFIRMED,EXACT_DATE_TEAMS,EXACT_DATE_TEAMS_SCORE_COMPATIBLE,ENG-Premier League,2024
4361417,26699,2024-11-02,2024-11-02,Southampton FC,Everton FC,Southampton,Everton,1,26699,MATCH_CONFIRMED,EXACT_DATE_TEAMS,EXACT_DATE_TEAMS_SCORE_COMPATIBLE,ENG-Premier League,2024
4361419,26701,2024-11-02,2024-11-02,Wolverhampton Wanderers,Crystal Palace,Wolverhampton Wanderers,Crystal Palace,1,26701,MATCH_CONFIRMED,EXACT_DATE_TEAMS,EXACT_DATE_TEAMS_SCORE_COMPATIBLE,ENG-Premier League,2024
4361414,26697,2024-11-03,2024-11-03,Manchester United,Chelsea FC,Manchester United,Chelsea,1,26697,MATCH_CONFIRMED,EXACT_DATE_TEAMS,EXACT_DATE_TEAMS_SCORE_COMPATIBLE,ENG-Premier League,2024
4361418,26700,2024-11-03,2024-11-03,Tottenham Hotspur,Aston Villa,Tottenham,Aston Villa,1,26700,MATCH_CONFIRMED,EXACT_DATE_TEAMS,EXACT_DATE_TEAMS_SCORE_COMPATIBLE,ENG-Premier League,2024
4361411,26693,2024-11-04,2024-11-04,Fulham FC,Brentford FC,Fulham,Brentford,1,26693,MATCH_CONFIRMED,EXACT_DATE_TEAMS,EXACT_DATE_TEAMS_SCORE_COMPATIBLE,ENG-Premier League,2024
4361420,26702,2024-11-09,2024-11-09,Brentford FC,AFC Bournemouth,Brentford,Bournemouth,1,26702,MATCH_CONFIRMED,EXACT_DATE_TEAMS,EXACT_DATE_TEAMS_SCORE_COMPATIBLE,ENG-Premier League,2024
4361421,26703,2024-11-09,2024-11-09,Brighton & Hove Albion,Manchester City,Brighton,Manchester City,1,26703,MATCH_CONFIRMED,EXACT_DATE_TEAMS,EXACT_DATE_TEAMS_SCORE_COMPATIBLE,ENG-Premier League,2024
4361423,26706,2024-11-09,2024-11-09,Crystal Palace,Fulham FC,Crystal Palace,Fulham,1,26706,MATCH_CONFIRMED,EXACT_DATE_TEAMS,EXACT_DATE_TEAMS_SCORE_COMPATIBLE,ENG-Premier League,2024
4361424,26707,2024-11-09,2024-11-09,Liverpool FC,Aston Villa,Liverpool,Aston Villa,1,26707,MATCH_CONFIRMED,EXACT_DATE_TEAMS,EXACT_DATE_TEAMS_SCORE_COMPATIBLE,ENG-Premier League,2024
4361428,26710,2024-11-09,2024-11-09,West Ham United,Everton FC,West Ham,Everton,1,26710,MATCH_CONFIRMED,EXACT_DATE_TEAMS,EXACT_DATE_TEAMS_SCORE_COMPATIBLE,ENG-Premier League,2024
4361429,26711,2024-11-09,2024-11-09,Wolverhampton Wanderers,Southampton FC,Wolverhampton Wanderers,Southampton,1,26711,MATCH_CONFIRMED,EXACT_DATE_TEAMS,EXACT_DATE_TEAMS_SCORE_COMPATIBLE,ENG-Premier League,2024
4361422,26705,2024-11-10,2024-11-10,Chelsea FC,Arsenal FC,Chelsea,Arsenal,1,26705,MATCH_CONFIRMED,EXACT_DATE_TEAMS,EXACT_DATE_TEAMS_SCORE_COMPATIBLE,ENG-Premier League,2024
4361425,26708,2024-11-10,2024-11-10,Manchester United,Leicester City,Manchester United,Leicester,1,26708,MATCH_CONFIRMED,EXACT_DATE_TEAMS,EXACT_DATE_TEAMS_SCORE_COMPATIBLE,ENG-Premier League,2024
4361426,26704,2024-11-10,2024-11-10,Nottingham Forest,Newcastle United,Nottingham Forest,Newcastle United,1,26704,MATCH_CONFIRMED,EXACT_DATE_TEAMS,EXACT_DATE_TEAMS_SCORE_COMPATIBLE,ENG-Premier League,2024
4361427,26709,2024-11-10,2024-11-10,Tottenham Hotspur,Ipswich Town,Tottenham,Ipswich,1,26709,MATCH_CONFIRMED,EXACT_DATE_TEAMS,EXACT_DATE_TEAMS_SCORE_COMPATIBLE,ENG-Premier League,2024
4361430,26712,2024-11-23,2024-11-23,AFC Bournemouth,Brighton & Hove Albion,Bournemouth,Brighton,1,26712,MATCH_CONFIRMED,EXACT_DATE_TEAMS,EXACT_DATE_TEAMS_SCORE_COMPATIBLE,ENG-Premier League,2024
4361431,26714,2024-11-23,2024-11-23,Arsenal FC,Nottingham Forest,Arsenal,Nottingham Forest,1,26714,MATCH_CONFIRMED,EXACT_DATE_TEAMS,EXACT_DATE_TEAMS_SCORE_COMPATIBLE,ENG-Premier League,2024
4361432,26716,2024-11-23,2024-11-23,Aston Villa,Crystal Palace,Aston Villa,Crystal Palace,1,26716,MATCH_CONFIRMED,EXACT_DATE_TEAMS,EXACT_DATE_TEAMS_SCORE_COMPATIBLE,ENG-Premier League,2024
4361433,26715,2024-11-23,2024-11-23,Everton FC,Brentford FC,Everton,Brentford,1,26715,MATCH_CONFIRMED,EXACT_DATE_TEAMS,EXACT_DATE_TEAMS_SCORE_COMPATIBLE,ENG-Premier League,2024
4361434,26717,2024-11-23,2024-11-23,Fulham FC,Wolverhampton Wanderers,Fulham,Wolverhampton Wanderers,1,26717,MATCH_CONFIRMED,EXACT_DATE_TEAMS,EXACT_DATE_TEAMS_SCORE_COMPATIBLE,ENG-Premier League,2024
4361436,26719,2024-11-23,2024-11-23,Leicester City,Chelsea FC,Leicester,Chelsea,1,26719,MATCH_CONFIRMED,EXACT_DATE_TEAMS,EXACT_DATE_TEAMS_SCORE_COMPATIBLE,ENG-Premier League,2024
4361437,26720,2024-11-23,2024-11-23,Manchester City,Tottenham Hotspur,Manchester City,Tottenham,1,26720,MATCH_CONFIRMED,EXACT_DATE_TEAMS,EXACT_DATE_TEAMS_SCORE_COMPATIBLE,ENG-Premier League,2024
4361435,26718,2024-11-24,2024-11-24,Ipswich Town,Manchester United,Ipswich,Manchester United,1,26718,MATCH_CONFIRMED,EXACT_DATE_TEAMS,EXACT_DATE_TEAMS_SCORE_COMPATIBLE,ENG-Premier League,2024
4361439,26721,2024-11-24,2024-11-24,Southampton FC,Liverpool FC,Southampton,Liverpool,1,26721,MATCH_CONFIRMED,EXACT_DATE_TEAMS,EXACT_DATE_TEAMS_SCORE_COMPATIBLE,ENG-Premier League,2024
4361438,26713,2024-11-25,2024-11-25,Newcastle United,West Ham United,Newcastle United,West Ham,1,26713,MATCH_CONFIRMED,EXACT_DATE_TEAMS,EXACT_DATE_TEAMS_SCORE_COMPATIBLE,ENG-Premier League,2024
4361441,26723,2024-11-29,2024-11-29,Brighton & Hove Albion,Southampton FC,Brighton,Southampton,1,26723,MATCH_CONFIRMED,EXACT_DATE_TEAMS,EXACT_DATE_TEAMS_SCORE_COMPATIBLE,ENG-Premier League,2024
4361440,26722,2024-11-30,2024-11-30,Brentford FC,Leicester City,Brentford,Leicester,1,26722,MATCH_CONFIRMED,EXACT_DATE_TEAMS,EXACT_DATE_TEAMS_SCORE_COMPATIBLE,ENG-Premier League,2024
4361443,26725,2024-11-30,2024-11-30,Crystal Palace,Newcastle United,Crystal Palace,Newcastle United,1,26725,MATCH_CONFIRMED,EXACT_DATE_TEAMS,EXACT_DATE_TEAMS_SCORE_COMPATIBLE,ENG-Premier League,2024
4361446,26728,2024-11-30,2024-11-30,Nottingham Forest,Ipswich Town,Nottingham Forest,Ipswich,1,26728,MATCH_CONFIRMED,EXACT_DATE_TEAMS,EXACT_DATE_TEAMS_SCORE_COMPATIBLE,ENG-Premier League,2024
4361448,26730,2024-11-30,2024-11-30,West Ham United,Arsenal FC,West Ham,Arsenal,1,26730,MATCH_CONFIRMED,EXACT_DATE_TEAMS,EXACT_DATE_TEAMS_SCORE_COMPATIBLE,ENG-Premier League,2024
4361449,26731,2024-11-30,2024-11-30,Wolverhampton Wanderers,AFC Bournemouth,Wolverhampton Wanderers,Bournemouth,1,26731,MATCH_CONFIRMED,EXACT_DATE_TEAMS,EXACT_DATE_TEAMS_SCORE_COMPATIBLE,ENG-Premier League,2024
4361442,26724,2024-12-01,2024-12-01,Chelsea FC,Aston Villa,Chelsea,Aston Villa,1,26724,MATCH_CONFIRMED,EXACT_DATE_TEAMS,EXACT_DATE_TEAMS_SCORE_COMPATIBLE,ENG-Premier League,2024
4361444,26726,2024-12-01,2024-12-01,Liverpool FC,Manchester City,Liverpool,Manchester City,1,26726,MATCH_CONFIRMED,EXACT_DATE_TEAMS,EXACT_DATE_TEAMS_SCORE_COMPATIBLE,ENG-Premier League,2024
4361445,26727,2024-12-01,2024-12-01,Manchester United,Everton FC,Manchester United,Everton,1,26727,MATCH_CONFIRMED,EXACT_DATE_TEAMS,EXACT_DATE_TEAMS_SCORE_COMPATIBLE,ENG-Premier League,2024
4361447,26729,2024-12-01,2024-12-01,Tottenham Hotspur,Fulham FC,Tottenham,Fulham,1,26729,MATCH_CONFIRMED,EXACT_DATE_TEAMS,EXACT_DATE_TEAMS_SCORE_COMPATIBLE,ENG-Premier League,2024
4361455,26737,2024-12-03,2024-12-03,Ipswich Town,Crystal Palace,Ipswich,Crystal Palace,1,26737,MATCH_CONFIRMED,EXACT_DATE_TEAMS,EXACT_DATE_TEAMS_SCORE_COMPATIBLE,ENG-Premier League,2024
4361456,26738,2024-12-03,2024-12-03,Leicester City,West Ham United,Leicester,West Ham,1,26738,MATCH_CONFIRMED,EXACT_DATE_TEAMS,EXACT_DATE_TEAMS_SCORE_COMPATIBLE,ENG-Premier League,2024
4361451,26733,2024-12-04,2024-12-04,Arsenal FC,Manchester United,Arsenal,Manchester United,1,26733,MATCH_CONFIRMED,EXACT_DATE_TEAMS,EXACT_DATE_TEAMS_SCORE_COMPATIBLE,ENG-Premier League,2024
4361452,26734,2024-12-04,2024-12-04,Aston Villa,Brentford FC,Aston Villa,Brentford,1,26734,MATCH_CONFIRMED,EXACT_DATE_TEAMS,EXACT_DATE_TEAMS_SCORE_COMPATIBLE,ENG-Premier League,2024
4361453,26735,2024-12-04,2024-12-04,Everton FC,Wolverhampton Wanderers,Everton,Wolverhampton Wanderers,1,26735,MATCH_CONFIRMED,EXACT_DATE_TEAMS,EXACT_DATE_TEAMS_SCORE_COMPATIBLE,ENG-Premier League,2024
4361457,26739,2024-12-04,2024-12-04,Manchester City,Nottingham Forest,Manchester City,Nottingham Forest,1,26739,MATCH_CONFIRMED,EXACT_DATE_TEAMS,EXACT_DATE_TEAMS_SCORE_COMPATIBLE,ENG-Premier League,2024
4361458,26740,2024-12-04,2024-12-04,Newcastle United,Liverpool FC,Newcastle United,Liverpool,1,26740,MATCH_CONFIRMED,EXACT_DATE_TEAMS,EXACT_DATE_TEAMS_SCORE_COMPATIBLE,ENG-Premier League,2024
4361459,26741,2024-12-04,2024-12-04,Southampton FC,Chelsea FC,Southampton,Chelsea,1,26741,MATCH_CONFIRMED,EXACT_DATE_TEAMS,EXACT_DATE_TEAMS_SCORE_COMPATIBLE,ENG-Premier League,2024
4361450,26732,2024-12-05,2024-12-05,AFC Bournemouth,Tottenham Hotspur,Bournemouth,Tottenham,1,26732,MATCH_CONFIRMED,EXACT_DATE_TEAMS,EXACT_DATE_TEAMS_SCORE_COMPATIBLE,ENG-Premier League,2024
4361454,26736,2024-12-05,2024-12-05,Fulham FC,Brighton & Hove Albion,Fulham,Brighton,1,26736,MATCH_CONFIRMED,EXACT_DATE_TEAMS,EXACT_DATE_TEAMS_SCORE_COMPATIBLE,ENG-Premier League,2024
4361460,26742,2024-12-07,2024-12-07,Aston Villa,Southampton FC,Aston Villa,Southampton,1,26742,MATCH_CONFIRMED,EXACT_DATE_TEAMS,EXACT_DATE_TEAMS_SCORE_COMPATIBLE,ENG-Premier League,2024
4361461,26743,2024-12-07,2024-12-07,Brentford FC,Newcastle United,Brentford,Newcastle United,1,26743,MATCH_CONFIRMED,EXACT_DATE_TEAMS,EXACT_DATE_TEAMS_SCORE_COMPATIBLE,ENG-Premier League,2024
4361462,26747,2024-12-07,2024-12-07,Crystal Palace,Manchester City,Crystal Palace,Manchester City,1,26747,MATCH_CONFIRMED,EXACT_DATE_TEAMS,EXACT_DATE_TEAMS_SCORE_COMPATIBLE,ENG-Premier League,2024
4361466,26744,2024-12-07,2024-12-07,Manchester United,Nottingham Forest,Manchester United,Nottingham Forest,1,26744,MATCH_CONFIRMED,EXACT_DATE_TEAMS,EXACT_DATE_TEAMS_SCORE_COMPATIBLE,ENG-Premier League,2024
4361464,26749,2024-12-08,2024-12-08,Fulham FC,Arsenal FC,Fulham,Arsenal,1,26749,MATCH_CONFIRMED,EXACT_DATE_TEAMS,EXACT_DATE_TEAMS_SCORE_COMPATIBLE,ENG-Premier League,2024
4361465,26750,2024-12-08,2024-12-08,Ipswich Town,AFC Bournemouth,Ipswich,Bournemouth,1,26750,MATCH_CONFIRMED,EXACT_DATE_TEAMS,EXACT_DATE_TEAMS_SCORE_COMPATIBLE,ENG-Premier League,2024
4361467,26745,2024-12-08,2024-12-08,Tottenham Hotspur,Chelsea FC,Tottenham,Chelsea,1,26745,MATCH_CONFIRMED,EXACT_DATE_TEAMS,EXACT_DATE_TEAMS_SCORE_COMPATIBLE,ENG-Premier League,2024
4361469,26751,2024-12-08,2024-12-08,Leicester City,Brighton & Hove Albion,Leicester,Brighton,1,26751,MATCH_CONFIRMED,EXACT_DATE_TEAMS,EXACT_DATE_TEAMS_SCORE_COMPATIBLE,ENG-Premier League,2024
4361468,26746,2024-12-09,2024-12-09,West Ham United,Wolverhampton Wanderers,West Ham,Wolverhampton Wanderers,1,26746,MATCH_CONFIRMED,EXACT_DATE_TEAMS,EXACT_DATE_TEAMS_SCORE_COMPATIBLE,ENG-Premier League,2024
4361471,26755,2024-12-14,2024-12-14,Arsenal FC,Everton FC,Arsenal,Everton,1,26755,MATCH_CONFIRMED,EXACT_DATE_TEAMS,EXACT_DATE_TEAMS_SCORE_COMPATIBLE,ENG-Premier League,2024
4361474,26752,2024-12-14,2024-12-14,Liverpool FC,Fulham FC,Liverpool,Fulham,1,26752,MATCH_CONFIRMED,EXACT_DATE_TEAMS,EXACT_DATE_TEAMS_SCORE_COMPATIBLE,ENG-Premier League,2024
4361476,26760,2024-12-14,2024-12-14,Newcastle United,Leicester City,Newcastle United,Leicester,1,26760,MATCH_CONFIRMED,EXACT_DATE_TEAMS,EXACT_DATE_TEAMS_SCORE_COMPATIBLE,ENG-Premier League,2024
4361477,26761,2024-12-14,2024-12-14,Nottingham Forest,Aston Villa,Nottingham Forest,Aston Villa,1,26761,MATCH_CONFIRMED,EXACT_DATE_TEAMS,EXACT_DATE_TEAMS_SCORE_COMPATIBLE,ENG-Premier League,2024
4361479,26758,2024-12-14,2024-12-14,Wolverhampton Wanderers,Ipswich Town,Wolverhampton Wanderers,Ipswich,1,26758,MATCH_CONFIRMED,EXACT_DATE_TEAMS,EXACT_DATE_TEAMS_SCORE_COMPATIBLE,ENG-Premier League,2024
4361472,26756,2024-12-15,2024-12-15,Brighton & Hove Albion,Crystal Palace,Brighton,Crystal Palace,1,26756,MATCH_CONFIRMED,EXACT_DATE_TEAMS,EXACT_DATE_TEAMS_SCORE_COMPATIBLE,ENG-Premier League,2024
4361473,26757,2024-12-15,2024-12-15,Chelsea FC,Brentford FC,Chelsea,Brentford,1,26757,MATCH_CONFIRMED,EXACT_DATE_TEAMS,EXACT_DATE_TEAMS_SCORE_COMPATIBLE,ENG-Premier League,2024
4361475,26753,2024-12-15,2024-12-15,Manchester City,Manchester United,Manchester City,Manchester United,1,26753,MATCH_CONFIRMED,EXACT_DATE_TEAMS,EXACT_DATE_TEAMS_SCORE_COMPATIBLE,ENG-Premier League,2024
4361478,26759,2024-12-15,2024-12-15,Southampton FC,Tottenham Hotspur,Southampton,Tottenham,1,26759,MATCH_CONFIRMED,EXACT_DATE_TEAMS,EXACT_DATE_TEAMS_SCORE_COMPATIBLE,ENG-Premier League,2024
4361470,26754,2024-12-16,2024-12-16,AFC Bournemouth,West Ham United,Bournemouth,West Ham,1,26754,MATCH_CONFIRMED,EXACT_DATE_TEAMS,EXACT_DATE_TEAMS_SCORE_COMPATIBLE,ENG-Premier League,2024
4361480,26762,2024-12-21,2024-12-21,Aston Villa,Manchester City,Aston Villa,Manchester City,1,26762,MATCH_CONFIRMED,EXACT_DATE_TEAMS,EXACT_DATE_TEAMS_SCORE_COMPATIBLE,ENG-Premier League,2024
4361481,26766,2024-12-21,2024-12-21,Brentford FC,Nottingham Forest,Brentford,Nottingham Forest,1,26766,MATCH_CONFIRMED,EXACT_DATE_TEAMS,EXACT_DATE_TEAMS_SCORE_COMPATIBLE,ENG-Premier League,2024
4361482,26765,2024-12-21,2024-12-21,Crystal Palace,Arsenal FC,Crystal Palace,Arsenal,1,26765,MATCH_CONFIRMED,EXACT_DATE_TEAMS,EXACT_DATE_TEAMS_SCORE_COMPATIBLE,ENG-Premier League,2024
4361485,26771,2024-12-21,2024-12-21,Ipswich Town,Newcastle United,Ipswich,Newcastle United,1,26771,MATCH_CONFIRMED,EXACT_DATE_TEAMS,EXACT_DATE_TEAMS_SCORE_COMPATIBLE,ENG-Premier League,2024
4361489,26767,2024-12-21,2024-12-21,West Ham United,Brighton & Hove Albion,West Ham,Brighton,1,26767,MATCH_CONFIRMED,EXACT_DATE_TEAMS,EXACT_DATE_TEAMS_SCORE_COMPATIBLE,ENG-Premier League,2024
4361483,26764,2024-12-22,2024-12-22,Everton FC,Chelsea FC,Everton,Chelsea,1,26764,MATCH_CONFIRMED,EXACT_DATE_TEAMS,EXACT_DATE_TEAMS_SCORE_COMPATIBLE,ENG-Premier League,2024
4361484,26763,2024-12-22,2024-12-22,Fulham FC,Southampton FC,Fulham,Southampton,1,26763,MATCH_CONFIRMED,EXACT_DATE_TEAMS,EXACT_DATE_TEAMS_SCORE_COMPATIBLE,ENG-Premier League,2024
4361486,26770,2024-12-22,2024-12-22,Leicester City,Wolverhampton Wanderers,Leicester,Wolverhampton Wanderers,1,26770,MATCH_CONFIRMED,EXACT_DATE_TEAMS,EXACT_DATE_TEAMS_SCORE_COMPATIBLE,ENG-Premier League,2024
4361487,26769,2024-12-22,2024-12-22,Manchester United,AFC Bournemouth,Manchester United,Bournemouth,1,26769,MATCH_CONFIRMED,EXACT_DATE_TEAMS,EXACT_DATE_TEAMS_SCORE_COMPATIBLE,ENG-Premier League,2024
4361488,26768,2024-12-22,2024-12-22,Tottenham Hotspur,Liverpool FC,Tottenham,Liverpool,1,26768,MATCH_CONFIRMED,EXACT_DATE_TEAMS,EXACT_DATE_TEAMS_SCORE_COMPATIBLE,ENG-Premier League,2024
4361490,26772,2024-12-26,2024-12-26,AFC Bournemouth,Crystal Palace,Bournemouth,Crystal Palace,1,26772,MATCH_CONFIRMED,EXACT_DATE_TEAMS,EXACT_DATE_TEAMS_SCORE_COMPATIBLE,ENG-Premier League,2024
4361493,26775,2024-12-26,2024-12-26,Chelsea FC,Fulham FC,Chelsea,Fulham,1,26775,MATCH_CONFIRMED,EXACT_DATE_TEAMS,EXACT_DATE_TEAMS_SCORE_COMPATIBLE,ENG-Premier League,2024
4361494,26776,2024-12-26,2024-12-26,Liverpool FC,Leicester City,Liverpool,Leicester,1,26776,MATCH_CONFIRMED,EXACT_DATE_TEAMS,EXACT_DATE_TEAMS_SCORE_COMPATIBLE,ENG-Premier League,2024
4361495,26777,2024-12-26,2024-12-26,Manchester City,Everton FC,Manchester City,Everton,1,26777,MATCH_CONFIRMED,EXACT_DATE_TEAMS,EXACT_DATE_TEAMS_SCORE_COMPATIBLE,ENG-Premier League,2024
4361496,26778,2024-12-26,2024-12-26,Newcastle United,Aston Villa,Newcastle United,Aston Villa,1,26778,MATCH_CONFIRMED,EXACT_DATE_TEAMS,EXACT_DATE_TEAMS_SCORE_COMPATIBLE,ENG-Premier League,2024
4361497,26779,2024-12-26,2024-12-26,Nottingham Forest,Tottenham Hotspur,Nottingham Forest,Tottenham,1,26779,MATCH_CONFIRMED,EXACT_DATE_TEAMS,EXACT_DATE_TEAMS_SCORE_COMPATIBLE,ENG-Premier League,2024
4361498,26780,2024-12-26,2024-12-26,Southampton FC,West Ham United,Southampton,West Ham,1,26780,MATCH_CONFIRMED,EXACT_DATE_TEAMS,EXACT_DATE_TEAMS_SCORE_COMPATIBLE,ENG-Premier League,2024
4361499,26781,2024-12-26,2024-12-26,Wolverhampton Wanderers,Manchester United,Wolverhampton Wanderers,Manchester United,1,26781,MATCH_CONFIRMED,EXACT_DATE_TEAMS,EXACT_DATE_TEAMS_SCORE_COMPATIBLE,ENG-Premier League,2024
4361491,26773,2024-12-27,2024-12-27,Arsenal FC,Ipswich Town,Arsenal,Ipswich,1,26773,MATCH_CONFIRMED,EXACT_DATE_TEAMS,EXACT_DATE_TEAMS_SCORE_COMPATIBLE,ENG-Premier League,2024
4361492,26774,2024-12-27,2024-12-27,Brighton & Hove Albion,Brentford FC,Brighton,Brentford,1,26774,MATCH_CONFIRMED,EXACT_DATE_TEAMS,EXACT_DATE_TEAMS_SCORE_COMPATIBLE,ENG-Premier League,2024
4361502,26784,2024-12-29,2024-12-29,Crystal Palace,Southampton FC,Crystal Palace,Southampton,1,26784,MATCH_CONFIRMED,EXACT_DATE_TEAMS,EXACT_DATE_TEAMS_SCORE_COMPATIBLE,ENG-Premier League,2024
4361503,26785,2024-12-29,2024-12-29,Everton FC,Nottingham Forest,Everton,Nottingham Forest,1,26785,MATCH_CONFIRMED,EXACT_DATE_TEAMS,EXACT_DATE_TEAMS_SCORE_COMPATIBLE,ENG-Premier League,2024
4361504,26786,2024-12-29,2024-12-29,Fulham FC,AFC Bournemouth,Fulham,Bournemouth,1,26786,MATCH_CONFIRMED,EXACT_DATE_TEAMS,EXACT_DATE_TEAMS_SCORE_COMPATIBLE,ENG-Premier League,2024
4361506,26788,2024-12-29,2024-12-29,Leicester City,Manchester City,Leicester,Manchester City,1,26788,MATCH_CONFIRMED,EXACT_DATE_TEAMS,EXACT_DATE_TEAMS_SCORE_COMPATIBLE,ENG-Premier League,2024
4361508,26790,2024-12-29,2024-12-29,Tottenham Hotspur,Wolverhampton Wanderers,Tottenham,Wolverhampton Wanderers,1,26790,MATCH_CONFIRMED,EXACT_DATE_TEAMS,EXACT_DATE_TEAMS_SCORE_COMPATIBLE,ENG-Premier League,2024
4361509,26791,2024-12-29,2024-12-29,West Ham United,Liverpool FC,West Ham,Liverpool,1,26791,MATCH_CONFIRMED,EXACT_DATE_TEAMS,EXACT_DATE_TEAMS_SCORE_COMPATIBLE,ENG-Premier League,2024
4361500,26782,2024-12-30,2024-12-30,Aston Villa,Brighton & Hove Albion,Aston Villa,Brighton,1,26782,MATCH_CONFIRMED,EXACT_DATE_TEAMS,EXACT_DATE_TEAMS_SCORE_COMPATIBLE,ENG-Premier League,2024
4361505,26787,2024-12-30,2024-12-30,Ipswich Town,Chelsea FC,Ipswich,Chelsea,1,26787,MATCH_CONFIRMED,EXACT_DATE_TEAMS,EXACT_DATE_TEAMS_SCORE_COMPATIBLE,ENG-Premier League,2024
4361507,26789,2024-12-30,2024-12-30,Manchester United,Newcastle United,Manchester United,Newcastle United,1,26789,MATCH_CONFIRMED,EXACT_DATE_TEAMS,EXACT_DATE_TEAMS_SCORE_COMPATIBLE,ENG-Premier League,2024
4361501,26783,2025-01-01,2025-01-01,Brentford FC,Arsenal FC,Brentford,Arsenal,1,26783,MATCH_CONFIRMED,EXACT_DATE_TEAMS,EXACT_DATE_TEAMS_SCORE_COMPATIBLE,ENG-Premier League,2024
4361510,26792,2025-01-04,2025-01-04,AFC Bournemouth,Everton FC,Bournemouth,Everton,1,26792,MATCH_CONFIRMED,EXACT_DATE_TEAMS,EXACT_DATE_TEAMS_SCORE_COMPATIBLE,ENG-Premier League,2024
4361511,26793,2025-01-04,2025-01-04,Aston Villa,Leicester City,Aston Villa,Leicester,1,26793,MATCH_CONFIRMED,EXACT_DATE_TEAMS,EXACT_DATE_TEAMS_SCORE_COMPATIBLE,ENG-Premier League,2024
4361512,26794,2025-01-04,2025-01-04,Brighton & Hove Albion,Arsenal FC,Brighton,Arsenal,1,26794,MATCH_CONFIRMED,EXACT_DATE_TEAMS,EXACT_DATE_TEAMS_SCORE_COMPATIBLE,ENG-Premier League,2024
4361515,26798,2025-01-04,2025-01-04,Manchester City,West Ham United,Manchester City,West Ham,1,26798,MATCH_CONFIRMED,EXACT_DATE_TEAMS,EXACT_DATE_TEAMS_SCORE_COMPATIBLE,ENG-Premier League,2024
4361516,26795,2025-01-04,2025-01-04,Crystal Palace,Chelsea FC,Crystal Palace,Chelsea,1,26795,MATCH_CONFIRMED,EXACT_DATE_TEAMS,EXACT_DATE_TEAMS_SCORE_COMPATIBLE,ENG-Premier League,2024
4361517,26799,2025-01-04,2025-01-04,Southampton FC,Brentford FC,Southampton,Brentford,1,26799,MATCH_CONFIRMED,EXACT_DATE_TEAMS,EXACT_DATE_TEAMS_SCORE_COMPATIBLE,ENG-Premier League,2024
4361518,26800,2025-01-04,2025-01-04,Tottenham Hotspur,Newcastle United,Tottenham,Newcastle United,1,26800,MATCH_CONFIRMED,EXACT_DATE_TEAMS,EXACT_DATE_TEAMS_SCORE_COMPATIBLE,ENG-Premier League,2024
4361513,26796,2025-01-05,2025-01-05,Fulham FC,Ipswich Town,Fulham,Ipswich,1,26796,MATCH_CONFIRMED,EXACT_DATE_TEAMS,EXACT_DATE_TEAMS_SCORE_COMPATIBLE,ENG-Premier League,2024
4361514,26797,2025-01-05,2025-01-05,Liverpool FC,Manchester United,Liverpool,Manchester United,1,26797,MATCH_CONFIRMED,EXACT_DATE_TEAMS,EXACT_DATE_TEAMS_SCORE_COMPATIBLE,ENG-Premier League,2024
4361519,26801,2025-01-06,2025-01-06,Wolverhampton Wanderers,Nottingham Forest,Wolverhampton Wanderers,Nottingham Forest,1,26801,MATCH_CONFIRMED,EXACT_DATE_TEAMS,EXACT_DATE_TEAMS_SCORE_COMPATIBLE,ENG-Premier League,2024
4361521,26803,2025-01-14,2025-01-14,Brentford FC,Manchester City,Brentford,Manchester City,1,26803,MATCH_CONFIRMED,EXACT_DATE_TEAMS,EXACT_DATE_TEAMS_SCORE_COMPATIBLE,ENG-Premier League,2024
4361525,26807,2025-01-14,2025-01-14,Nottingham Forest,Liverpool FC,Nottingham Forest,Liverpool,1,26807,MATCH_CONFIRMED,EXACT_DATE_TEAMS,EXACT_DATE_TEAMS_SCORE_COMPATIBLE,ENG-Premier League,2024
4361526,26808,2025-01-14,2025-01-14,West Ham United,Fulham FC,West Ham,Fulham,1,26808,MATCH_CONFIRMED,EXACT_DATE_TEAMS,EXACT_DATE_TEAMS_SCORE_COMPATIBLE,ENG-Premier League,2024
4361527,26809,2025-01-14,2025-01-14,Chelsea FC,AFC Bournemouth,Chelsea,Bournemouth,1,26809,MATCH_CONFIRMED,EXACT_DATE_TEAMS,EXACT_DATE_TEAMS_SCORE_COMPATIBLE,ENG-Premier League,2024
4361520,26802,2025-01-15,2025-01-15,Arsenal FC,Tottenham Hotspur,Arsenal,Tottenham,1,26802,MATCH_CONFIRMED,EXACT_DATE_TEAMS,EXACT_DATE_TEAMS_SCORE_COMPATIBLE,ENG-Premier League,2024
4361522,26804,2025-01-15,2025-01-15,Everton FC,Aston Villa,Everton,Aston Villa,1,26804,MATCH_CONFIRMED,EXACT_DATE_TEAMS,EXACT_DATE_TEAMS_SCORE_COMPATIBLE,ENG-Premier League,2024
4361524,26806,2025-01-15,2025-01-15,Leicester City,Crystal Palace,Leicester,Crystal Palace,1,26806,MATCH_CONFIRMED,EXACT_DATE_TEAMS,EXACT_DATE_TEAMS_SCORE_COMPATIBLE,ENG-Premier League,2024
4361528,26810,2025-01-15,2025-01-15,Newcastle United,Wolverhampton Wanderers,Newcastle United,Wolverhampton Wanderers,1,26810,MATCH_CONFIRMED,EXACT_DATE_TEAMS,EXACT_DATE_TEAMS_SCORE_COMPATIBLE,ENG-Premier League,2024
4361523,26805,2025-01-16,2025-01-16,Ipswich Town,Brighton & Hove Albion,Ipswich,Brighton,1,26805,MATCH_CONFIRMED,EXACT_DATE_TEAMS,EXACT_DATE_TEAMS_SCORE_COMPATIBLE,ENG-Premier League,2024
4361529,26811,2025-01-16,2025-01-16,Manchester United,Southampton FC,Manchester United,Southampton,1,26811,MATCH_CONFIRMED,EXACT_DATE_TEAMS,EXACT_DATE_TEAMS_SCORE_COMPATIBLE,ENG-Premier League,2024
4362728,26812,2025-01-18,2025-01-18,Arsenal FC,Aston Villa,Arsenal,Aston Villa,1,26812,MATCH_CONFIRMED,EXACT_DATE_TEAMS,EXACT_DATE_TEAMS_SCORE_COMPATIBLE,ENG-Premier League,2024
4362729,26813,2025-01-18,2025-01-18,Brentford FC,Liverpool FC,Brentford,Liverpool,1,26813,MATCH_CONFIRMED,EXACT_DATE_TEAMS,EXACT_DATE_TEAMS_SCORE_COMPATIBLE,ENG-Premier League,2024
4362733,26817,2025-01-18,2025-01-18,Leicester City,Fulham FC,Leicester,Fulham,1,26817,MATCH_CONFIRMED,EXACT_DATE_TEAMS,EXACT_DATE_TEAMS_SCORE_COMPATIBLE,ENG-Premier League,2024
4362735,26819,2025-01-18,2025-01-18,Newcastle United,AFC Bournemouth,Newcastle United,Bournemouth,1,26819,MATCH_CONFIRMED,EXACT_DATE_TEAMS,EXACT_DATE_TEAMS_SCORE_COMPATIBLE,ENG-Premier League,2024
4362737,26821,2025-01-18,2025-01-18,West Ham United,Crystal Palace,West Ham,Crystal Palace,1,26821,MATCH_CONFIRMED,EXACT_DATE_TEAMS,EXACT_DATE_TEAMS_SCORE_COMPATIBLE,ENG-Premier League,2024
4362731,26815,2025-01-19,2025-01-19,Everton FC,Tottenham Hotspur,Everton,Tottenham,1,26815,MATCH_CONFIRMED,EXACT_DATE_TEAMS,EXACT_DATE_TEAMS_SCORE_COMPATIBLE,ENG-Premier League,2024
4362732,26816,2025-01-19,2025-01-19,Ipswich Town,Manchester City,Ipswich,Manchester City,1,26816,MATCH_CONFIRMED,EXACT_DATE_TEAMS,EXACT_DATE_TEAMS_SCORE_COMPATIBLE,ENG-Premier League,2024
4362734,26818,2025-01-19,2025-01-19,Manchester United,Brighton & Hove Albion,Manchester United,Brighton,1,26818,MATCH_CONFIRMED,EXACT_DATE_TEAMS,EXACT_DATE_TEAMS_SCORE_COMPATIBLE,ENG-Premier League,2024
4362736,26820,2025-01-19,2025-01-19,Nottingham Forest,Southampton FC,Nottingham Forest,Southampton,1,26820,MATCH_CONFIRMED,EXACT_DATE_TEAMS,EXACT_DATE_TEAMS_SCORE_COMPATIBLE,ENG-Premier League,2024
4362730,26814,2025-01-20,2025-01-20,Chelsea FC,Wolverhampton Wanderers,Chelsea,Wolverhampton Wanderers,1,26814,MATCH_CONFIRMED,EXACT_DATE_TEAMS,EXACT_DATE_TEAMS_SCORE_COMPATIBLE,ENG-Premier League,2024
4362738,26822,2025-01-25,2025-01-25,AFC Bournemouth,Nottingham Forest,Bournemouth,Nottingham Forest,1,26822,MATCH_CONFIRMED,EXACT_DATE_TEAMS,EXACT_DATE_TEAMS_SCORE_COMPATIBLE,ENG-Premier League,2024
4362740,26824,2025-01-25,2025-01-25,Brighton & Hove Albion,Everton FC,Brighton,Everton,1,26824,MATCH_CONFIRMED,EXACT_DATE_TEAMS,EXACT_DATE_TEAMS_SCORE_COMPATIBLE,ENG-Premier League,2024
4362743,26827,2025-01-25,2025-01-25,Liverpool FC,Ipswich Town,Liverpool,Ipswich,1,26827,MATCH_CONFIRMED,EXACT_DATE_TEAMS,EXACT_DATE_TEAMS_SCORE_COMPATIBLE,ENG-Premier League,2024
4362744,26828,2025-01-25,2025-01-25,Manchester City,Chelsea FC,Manchester City,Chelsea,1,26828,MATCH_CONFIRMED,EXACT_DATE_TEAMS,EXACT_DATE_TEAMS_SCORE_COMPATIBLE,ENG-Premier League,2024
4362745,26829,2025-01-25,2025-01-25,Southampton FC,Newcastle United,Southampton,Newcastle United,1,26829,MATCH_CONFIRMED,EXACT_DATE_TEAMS,EXACT_DATE_TEAMS_SCORE_COMPATIBLE,ENG-Premier League,2024
4362747,26831,2025-01-25,2025-01-25,Wolverhampton Wanderers,Arsenal FC,Wolverhampton Wanderers,Arsenal,1,26831,MATCH_CONFIRMED,EXACT_DATE_TEAMS,EXACT_DATE_TEAMS_SCORE_COMPATIBLE,ENG-Premier League,2024
4362739,26823,2025-01-26,2025-01-26,Aston Villa,West Ham United,Aston Villa,West Ham,1,26823,MATCH_CONFIRMED,EXACT_DATE_TEAMS,EXACT_DATE_TEAMS_SCORE_COMPATIBLE,ENG-Premier League,2024
4362741,26825,2025-01-26,2025-01-26,Crystal Palace,Brentford FC,Crystal Palace,Brentford,1,26825,MATCH_CONFIRMED,EXACT_DATE_TEAMS,EXACT_DATE_TEAMS_SCORE_COMPATIBLE,ENG-Premier League,2024
4362742,26826,2025-01-26,2025-01-26,Fulham FC,Manchester United,Fulham,Manchester United,1,26826,MATCH_CONFIRMED,EXACT_DATE_TEAMS,EXACT_DATE_TEAMS_SCORE_COMPATIBLE,ENG-Premier League,2024
4362746,26830,2025-01-26,2025-01-26,Tottenham Hotspur,Leicester City,Tottenham,Leicester,1,26830,MATCH_CONFIRMED,EXACT_DATE_TEAMS,EXACT_DATE_TEAMS_SCORE_COMPATIBLE,ENG-Premier League,2024
4362748,26832,2025-02-01,2025-02-01,AFC Bournemouth,Liverpool FC,Bournemouth,Liverpool,1,26832,MATCH_CONFIRMED,EXACT_DATE_TEAMS,EXACT_DATE_TEAMS_SCORE_COMPATIBLE,ENG-Premier League,2024
4362752,26836,2025-02-01,2025-02-01,Everton FC,Leicester City,Everton,Leicester,1,26836,MATCH_CONFIRMED,EXACT_DATE_TEAMS,EXACT_DATE_TEAMS_SCORE_COMPATIBLE,ENG-Premier League,2024
4362753,26837,2025-02-01,2025-02-01,Ipswich Town,Southampton FC,Ipswich,Southampton,1,26837,MATCH_CONFIRMED,EXACT_DATE_TEAMS,EXACT_DATE_TEAMS_SCORE_COMPATIBLE,ENG-Premier League,2024
4362755,26839,2025-02-01,2025-02-01,Newcastle United,Fulham FC,Newcastle United,Fulham,1,26839,MATCH_CONFIRMED,EXACT_DATE_TEAMS,EXACT_DATE_TEAMS_SCORE_COMPATIBLE,ENG-Premier League,2024
4362756,26840,2025-02-01,2025-02-01,Nottingham Forest,Brighton & Hove Albion,Nottingham Forest,Brighton,1,26840,MATCH_CONFIRMED,EXACT_DATE_TEAMS,EXACT_DATE_TEAMS_SCORE_COMPATIBLE,ENG-Premier League,2024
4362757,26841,2025-02-01,2025-02-01,Wolverhampton Wanderers,Aston Villa,Wolverhampton Wanderers,Aston Villa,1,26841,MATCH_CONFIRMED,EXACT_DATE_TEAMS,EXACT_DATE_TEAMS_SCORE_COMPATIBLE,ENG-Premier League,2024
4362749,26833,2025-02-02,2025-02-02,Arsenal FC,Manchester City,Arsenal,Manchester City,1,26833,MATCH_CONFIRMED,EXACT_DATE_TEAMS,EXACT_DATE_TEAMS_SCORE_COMPATIBLE,ENG-Premier League,2024
4362750,26834,2025-02-02,2025-02-02,Brentford FC,Tottenham Hotspur,Brentford,Tottenham,1,26834,MATCH_CONFIRMED,EXACT_DATE_TEAMS,EXACT_DATE_TEAMS_SCORE_COMPATIBLE,ENG-Premier League,2024
4362754,26838,2025-02-02,2025-02-02,Manchester United,Crystal Palace,Manchester United,Crystal Palace,1,26838,MATCH_CONFIRMED,EXACT_DATE_TEAMS,EXACT_DATE_TEAMS_SCORE_COMPATIBLE,ENG-Premier League,2024
4362751,26835,2025-02-03,2025-02-03,Chelsea FC,West Ham United,Chelsea,West Ham,1,26835,MATCH_CONFIRMED,EXACT_DATE_TEAMS,EXACT_DATE_TEAMS_SCORE_COMPATIBLE,ENG-Premier League,2024
4361463,26748,2025-02-12,2025-02-12,Everton FC,Liverpool FC,Everton,Liverpool,1,26748,MATCH_CONFIRMED,EXACT_DATE_TEAMS,EXACT_DATE_TEAMS_SCORE_COMPATIBLE,ENG-Premier League,2024
4362759,26843,2025-02-14,2025-02-14,Brighton & Hove Albion,Chelsea FC,Brighton,Chelsea,1,26843,MATCH_CONFIRMED,EXACT_DATE_TEAMS,EXACT_DATE_TEAMS_SCORE_COMPATIBLE,ENG-Premier League,2024
4362758,26842,2025-02-15,2025-02-15,Aston Villa,Ipswich Town,Aston Villa,Ipswich,1,26842,MATCH_CONFIRMED,EXACT_DATE_TEAMS,EXACT_DATE_TEAMS_SCORE_COMPATIBLE,ENG-Premier League,2024
4362760,26844,2025-02-15,2025-02-15,Crystal Palace,Everton FC,Crystal Palace,Everton,1,26844,MATCH_CONFIRMED,EXACT_DATE_TEAMS,EXACT_DATE_TEAMS_SCORE_COMPATIBLE,ENG-Premier League,2024
4362761,26845,2025-02-15,2025-02-15,Fulham FC,Nottingham Forest,Fulham,Nottingham Forest,1,26845,MATCH_CONFIRMED,EXACT_DATE_TEAMS,EXACT_DATE_TEAMS_SCORE_COMPATIBLE,ENG-Premier League,2024
4362762,26846,2025-02-15,2025-02-15,Leicester City,Arsenal FC,Leicester,Arsenal,1,26846,MATCH_CONFIRMED,EXACT_DATE_TEAMS,EXACT_DATE_TEAMS_SCORE_COMPATIBLE,ENG-Premier League,2024
4362764,26848,2025-02-15,2025-02-15,Manchester City,Newcastle United,Manchester City,Newcastle United,1,26848,MATCH_CONFIRMED,EXACT_DATE_TEAMS,EXACT_DATE_TEAMS_SCORE_COMPATIBLE,ENG-Premier League,2024
4362765,26849,2025-02-15,2025-02-15,Southampton FC,AFC Bournemouth,Southampton,Bournemouth,1,26849,MATCH_CONFIRMED,EXACT_DATE_TEAMS,EXACT_DATE_TEAMS_SCORE_COMPATIBLE,ENG-Premier League,2024
4362767,26851,2025-02-15,2025-02-15,West Ham United,Brentford FC,West Ham,Brentford,1,26851,MATCH_CONFIRMED,EXACT_DATE_TEAMS,EXACT_DATE_TEAMS_SCORE_COMPATIBLE,ENG-Premier League,2024
4362763,26847,2025-02-16,2025-02-16,Liverpool FC,Wolverhampton Wanderers,Liverpool,Wolverhampton Wanderers,1,26847,MATCH_CONFIRMED,EXACT_DATE_TEAMS,EXACT_DATE_TEAMS_SCORE_COMPATIBLE,ENG-Premier League,2024
4362766,26850,2025-02-16,2025-02-16,Tottenham Hotspur,Manchester United,Tottenham,Manchester United,1,26850,MATCH_CONFIRMED,EXACT_DATE_TEAMS,EXACT_DATE_TEAMS_SCORE_COMPATIBLE,ENG-Premier League,2024
4362800,26884,2025-02-19,2025-02-19,Aston Villa,Liverpool FC,Aston Villa,Liverpool,1,26884,MATCH_CONFIRMED,EXACT_DATE_TEAMS,EXACT_DATE_TEAMS_SCORE_COMPATIBLE,ENG-Premier League,2024
4362774,26858,2025-02-21,2025-02-21,Leicester City,Brentford FC,Leicester,Brentford,1,26858,MATCH_CONFIRMED,EXACT_DATE_TEAMS,EXACT_DATE_TEAMS_SCORE_COMPATIBLE,ENG-Premier League,2024
4362768,26852,2025-02-22,2025-02-22,AFC Bournemouth,Wolverhampton Wanderers,Bournemouth,Wolverhampton Wanderers,1,26852,MATCH_CONFIRMED,EXACT_DATE_TEAMS,EXACT_DATE_TEAMS_SCORE_COMPATIBLE,ENG-Premier League,2024
4362769,26853,2025-02-22,2025-02-22,Arsenal FC,West Ham United,Arsenal,West Ham,1,26853,MATCH_CONFIRMED,EXACT_DATE_TEAMS,EXACT_DATE_TEAMS_SCORE_COMPATIBLE,ENG-Premier League,2024
4362770,26854,2025-02-22,2025-02-22,Aston Villa,Chelsea FC,Aston Villa,Chelsea,1,26854,MATCH_CONFIRMED,EXACT_DATE_TEAMS,EXACT_DATE_TEAMS_SCORE_COMPATIBLE,ENG-Premier League,2024
4362771,26855,2025-02-22,2025-02-22,Everton FC,Manchester United,Everton,Manchester United,1,26855,MATCH_CONFIRMED,EXACT_DATE_TEAMS,EXACT_DATE_TEAMS_SCORE_COMPATIBLE,ENG-Premier League,2024
4362772,26856,2025-02-22,2025-02-22,Fulham FC,Crystal Palace,Fulham,Crystal Palace,1,26856,MATCH_CONFIRMED,EXACT_DATE_TEAMS,EXACT_DATE_TEAMS_SCORE_COMPATIBLE,ENG-Premier League,2024
4362773,26857,2025-02-22,2025-02-22,Ipswich Town,Tottenham Hotspur,Ipswich,Tottenham,1,26857,MATCH_CONFIRMED,EXACT_DATE_TEAMS,EXACT_DATE_TEAMS_SCORE_COMPATIBLE,ENG-Premier League,2024
4362777,26861,2025-02-22,2025-02-22,Southampton FC,Brighton & Hove Albion,Southampton,Brighton,1,26861,MATCH_CONFIRMED,EXACT_DATE_TEAMS,EXACT_DATE_TEAMS_SCORE_COMPATIBLE,ENG-Premier League,2024
4362775,26859,2025-02-23,2025-02-23,Manchester City,Liverpool FC,Manchester City,Liverpool,1,26859,MATCH_CONFIRMED,EXACT_DATE_TEAMS,EXACT_DATE_TEAMS_SCORE_COMPATIBLE,ENG-Premier League,2024
4362776,26860,2025-02-23,2025-02-23,Newcastle United,Nottingham Forest,Newcastle United,Nottingham Forest,1,26860,MATCH_CONFIRMED,EXACT_DATE_TEAMS,EXACT_DATE_TEAMS_SCORE_COMPATIBLE,ENG-Premier League,2024
4362779,26863,2025-02-25,2025-02-25,Brighton & Hove Albion,AFC Bournemouth,Brighton,Bournemouth,1,26863,MATCH_CONFIRMED,EXACT_DATE_TEAMS,EXACT_DATE_TEAMS_SCORE_COMPATIBLE,ENG-Premier League,2024
4362783,26867,2025-02-25,2025-02-25,Wolverhampton Wanderers,Fulham FC,Wolverhampton Wanderers,Fulham,1,26867,MATCH_CONFIRMED,EXACT_DATE_TEAMS,EXACT_DATE_TEAMS_SCORE_COMPATIBLE,ENG-Premier League,2024
4362784,26868,2025-02-25,2025-02-25,Crystal Palace,Aston Villa,Crystal Palace,Aston Villa,1,26868,MATCH_CONFIRMED,EXACT_DATE_TEAMS,EXACT_DATE_TEAMS_SCORE_COMPATIBLE,ENG-Premier League,2024
4362785,26869,2025-02-25,2025-02-25,Chelsea FC,Southampton FC,Chelsea,Southampton,1,26869,MATCH_CONFIRMED,EXACT_DATE_TEAMS,EXACT_DATE_TEAMS_SCORE_COMPATIBLE,ENG-Premier League,2024
4362778,26862,2025-02-26,2025-02-26,Brentford FC,Everton FC,Brentford,Everton,1,26862,MATCH_CONFIRMED,EXACT_DATE_TEAMS,EXACT_DATE_TEAMS_SCORE_COMPATIBLE,ENG-Premier League,2024
4362780,26864,2025-02-26,2025-02-26,Nottingham Forest,Arsenal FC,Nottingham Forest,Arsenal,1,26864,MATCH_CONFIRMED,EXACT_DATE_TEAMS,EXACT_DATE_TEAMS_SCORE_COMPATIBLE,ENG-Premier League,2024
4362781,26865,2025-02-26,2025-02-26,Tottenham Hotspur,Manchester City,Tottenham,Manchester City,1,26865,MATCH_CONFIRMED,EXACT_DATE_TEAMS,EXACT_DATE_TEAMS_SCORE_COMPATIBLE,ENG-Premier League,2024
4362786,26870,2025-02-26,2025-02-26,Liverpool FC,Newcastle United,Liverpool,Newcastle United,1,26870,MATCH_CONFIRMED,EXACT_DATE_TEAMS,EXACT_DATE_TEAMS_SCORE_COMPATIBLE,ENG-Premier League,2024
4362787,26871,2025-02-26,2025-02-26,Manchester United,Ipswich Town,Manchester United,Ipswich,1,26871,MATCH_CONFIRMED,EXACT_DATE_TEAMS,EXACT_DATE_TEAMS_SCORE_COMPATIBLE,ENG-Premier League,2024
4362782,26866,2025-02-27,2025-02-27,West Ham United,Leicester City,West Ham,Leicester,1,26866,MATCH_CONFIRMED,EXACT_DATE_TEAMS,EXACT_DATE_TEAMS_SCORE_COMPATIBLE,ENG-Premier League,2024
4362788,26872,2025-03-08,2025-03-08,Brentford FC,Aston Villa,Brentford,Aston Villa,1,26872,MATCH_CONFIRMED,EXACT_DATE_TEAMS,EXACT_DATE_TEAMS_SCORE_COMPATIBLE,ENG-Premier League,2024
4362789,26873,2025-03-08,2025-03-08,Brighton & Hove Albion,Fulham FC,Brighton,Fulham,1,26873,MATCH_CONFIRMED,EXACT_DATE_TEAMS,EXACT_DATE_TEAMS_SCORE_COMPATIBLE,ENG-Premier League,2024
4362791,26875,2025-03-08,2025-03-08,Crystal Palace,Ipswich Town,Crystal Palace,Ipswich,1,26875,MATCH_CONFIRMED,EXACT_DATE_TEAMS,EXACT_DATE_TEAMS_SCORE_COMPATIBLE,ENG-Premier League,2024
4362792,26876,2025-03-08,2025-03-08,Liverpool FC,Southampton FC,Liverpool,Southampton,1,26876,MATCH_CONFIRMED,EXACT_DATE_TEAMS,EXACT_DATE_TEAMS_SCORE_COMPATIBLE,ENG-Premier League,2024
4362794,26878,2025-03-08,2025-03-08,Nottingham Forest,Manchester City,Nottingham Forest,Manchester City,1,26878,MATCH_CONFIRMED,EXACT_DATE_TEAMS,EXACT_DATE_TEAMS_SCORE_COMPATIBLE,ENG-Premier League,2024
4362797,26881,2025-03-08,2025-03-08,Wolverhampton Wanderers,Everton FC,Wolverhampton Wanderers,Everton,1,26881,MATCH_CONFIRMED,EXACT_DATE_TEAMS,EXACT_DATE_TEAMS_SCORE_COMPATIBLE,ENG-Premier League,2024
4362790,26874,2025-03-09,2025-03-09,Chelsea FC,Leicester City,Chelsea,Leicester,1,26874,MATCH_CONFIRMED,EXACT_DATE_TEAMS,EXACT_DATE_TEAMS_SCORE_COMPATIBLE,ENG-Premier League,2024
4362793,26877,2025-03-09,2025-03-09,Manchester United,Arsenal FC,Manchester United,Arsenal,1,26877,MATCH_CONFIRMED,EXACT_DATE_TEAMS,EXACT_DATE_TEAMS_SCORE_COMPATIBLE,ENG-Premier League,2024
4362795,26879,2025-03-09,2025-03-09,Tottenham Hotspur,AFC Bournemouth,Tottenham,Bournemouth,1,26879,MATCH_CONFIRMED,EXACT_DATE_TEAMS,EXACT_DATE_TEAMS_SCORE_COMPATIBLE,ENG-Premier League,2024
4362796,26880,2025-03-10,2025-03-10,West Ham United,Newcastle United,West Ham,Newcastle United,1,26880,MATCH_CONFIRMED,EXACT_DATE_TEAMS,EXACT_DATE_TEAMS_SCORE_COMPATIBLE,ENG-Premier League,2024
4362798,26882,2025-03-15,2025-03-15,AFC Bournemouth,Brentford FC,Bournemouth,Brentford,1,26882,MATCH_CONFIRMED,EXACT_DATE_TEAMS,EXACT_DATE_TEAMS_SCORE_COMPATIBLE,ENG-Premier League,2024
4362801,26885,2025-03-15,2025-03-15,Everton FC,West Ham United,Everton,West Ham,1,26885,MATCH_CONFIRMED,EXACT_DATE_TEAMS,EXACT_DATE_TEAMS_SCORE_COMPATIBLE,ENG-Premier League,2024
4362803,26887,2025-03-15,2025-03-15,Ipswich Town,Nottingham Forest,Ipswich,Nottingham Forest,1,26887,MATCH_CONFIRMED,EXACT_DATE_TEAMS,EXACT_DATE_TEAMS_SCORE_COMPATIBLE,ENG-Premier League,2024
4362805,26889,2025-03-15,2025-03-15,Manchester City,Brighton & Hove Albion,Manchester City,Brighton,1,26889,MATCH_CONFIRMED,EXACT_DATE_TEAMS,EXACT_DATE_TEAMS_SCORE_COMPATIBLE,ENG-Premier League,2024
4362807,26891,2025-03-15,2025-03-15,Southampton FC,Wolverhampton Wanderers,Southampton,Wolverhampton Wanderers,1,26891,MATCH_CONFIRMED,EXACT_DATE_TEAMS,EXACT_DATE_TEAMS_SCORE_COMPATIBLE,ENG-Premier League,2024
4362799,26883,2025-03-16,2025-03-16,Arsenal FC,Chelsea FC,Arsenal,Chelsea,1,26883,MATCH_CONFIRMED,EXACT_DATE_TEAMS,EXACT_DATE_TEAMS_SCORE_COMPATIBLE,ENG-Premier League,2024
4362802,26886,2025-03-16,2025-03-16,Fulham FC,Tottenham Hotspur,Fulham,Tottenham,1,26886,MATCH_CONFIRMED,EXACT_DATE_TEAMS,EXACT_DATE_TEAMS_SCORE_COMPATIBLE,ENG-Premier League,2024
4362804,26888,2025-03-16,2025-03-16,Leicester City,Manchester United,Leicester,Manchester United,1,26888,MATCH_CONFIRMED,EXACT_DATE_TEAMS,EXACT_DATE_TEAMS_SCORE_COMPATIBLE,ENG-Premier League,2024
4362809,26892,2025-04-01,2025-04-01,Arsenal FC,Fulham FC,Arsenal,Fulham,1,26892,MATCH_CONFIRMED,EXACT_DATE_TEAMS,EXACT_DATE_TEAMS_SCORE_COMPATIBLE,ENG-Premier League,2024
4362811,26894,2025-04-01,2025-04-01,Nottingham Forest,Manchester United,Nottingham Forest,Manchester United,1,26894,MATCH_CONFIRMED,EXACT_DATE_TEAMS,EXACT_DATE_TEAMS_SCORE_COMPATIBLE,ENG-Premier League,2024
4362812,26895,2025-04-01,2025-04-01,Wolverhampton Wanderers,West Ham United,Wolverhampton Wanderers,West Ham,1,26895,MATCH_CONFIRMED,EXACT_DATE_TEAMS,EXACT_DATE_TEAMS_SCORE_COMPATIBLE,ENG-Premier League,2024
4362808,26896,2025-04-02,2025-04-02,AFC Bournemouth,Ipswich Town,Bournemouth,Ipswich,1,26896,MATCH_CONFIRMED,EXACT_DATE_TEAMS,EXACT_DATE_TEAMS_SCORE_COMPATIBLE,ENG-Premier League,2024
4362810,26893,2025-04-02,2025-04-02,Brighton & Hove Albion,Aston Villa,Brighton,Aston Villa,1,26893,MATCH_CONFIRMED,EXACT_DATE_TEAMS,EXACT_DATE_TEAMS_SCORE_COMPATIBLE,ENG-Premier League,2024
4362814,26898,2025-04-02,2025-04-02,Manchester City,Leicester City,Manchester City,Leicester,1,26898,MATCH_CONFIRMED,EXACT_DATE_TEAMS,EXACT_DATE_TEAMS_SCORE_COMPATIBLE,ENG-Premier League,2024
4362815,26899,2025-04-02,2025-04-02,Newcastle United,Brentford FC,Newcastle United,Brentford,1,26899,MATCH_CONFIRMED,EXACT_DATE_TEAMS,EXACT_DATE_TEAMS_SCORE_COMPATIBLE,ENG-Premier League,2024
4362816,26900,2025-04-02,2025-04-02,Southampton FC,Crystal Palace,Southampton,Crystal Palace,1,26900,MATCH_CONFIRMED,EXACT_DATE_TEAMS,EXACT_DATE_TEAMS_SCORE_COMPATIBLE,ENG-Premier League,2024
4362817,26901,2025-04-02,2025-04-02,Liverpool FC,Everton FC,Liverpool,Everton,1,26901,MATCH_CONFIRMED,EXACT_DATE_TEAMS,EXACT_DATE_TEAMS_SCORE_COMPATIBLE,ENG-Premier League,2024
4362813,26897,2025-04-03,2025-04-03,Chelsea FC,Tottenham Hotspur,Chelsea,Tottenham,1,26897,MATCH_CONFIRMED,EXACT_DATE_TEAMS,EXACT_DATE_TEAMS_SCORE_COMPATIBLE,ENG-Premier League,2024
4362818,26902,2025-04-05,2025-04-05,Aston Villa,Nottingham Forest,Aston Villa,Nottingham Forest,1,26902,MATCH_CONFIRMED,EXACT_DATE_TEAMS,EXACT_DATE_TEAMS_SCORE_COMPATIBLE,ENG-Premier League,2024
4362820,26904,2025-04-05,2025-04-05,Crystal Palace,Brighton & Hove Albion,Crystal Palace,Brighton,1,26904,MATCH_CONFIRMED,EXACT_DATE_TEAMS,EXACT_DATE_TEAMS_SCORE_COMPATIBLE,ENG-Premier League,2024
4362821,26905,2025-04-05,2025-04-05,Everton FC,Arsenal FC,Everton,Arsenal,1,26905,MATCH_CONFIRMED,EXACT_DATE_TEAMS,EXACT_DATE_TEAMS_SCORE_COMPATIBLE,ENG-Premier League,2024
4362823,26907,2025-04-05,2025-04-05,Ipswich Town,Wolverhampton Wanderers,Ipswich,Wolverhampton Wanderers,1,26907,MATCH_CONFIRMED,EXACT_DATE_TEAMS,EXACT_DATE_TEAMS_SCORE_COMPATIBLE,ENG-Premier League,2024
4362827,26911,2025-04-05,2025-04-05,West Ham United,AFC Bournemouth,West Ham,Bournemouth,1,26911,MATCH_CONFIRMED,EXACT_DATE_TEAMS,EXACT_DATE_TEAMS_SCORE_COMPATIBLE,ENG-Premier League,2024
4362819,26903,2025-04-06,2025-04-06,Brentford FC,Chelsea FC,Brentford,Chelsea,1,26903,MATCH_CONFIRMED,EXACT_DATE_TEAMS,EXACT_DATE_TEAMS_SCORE_COMPATIBLE,ENG-Premier League,2024
4362822,26906,2025-04-06,2025-04-06,Fulham FC,Liverpool FC,Fulham,Liverpool,1,26906,MATCH_CONFIRMED,EXACT_DATE_TEAMS,EXACT_DATE_TEAMS_SCORE_COMPATIBLE,ENG-Premier League,2024
4362825,26909,2025-04-06,2025-04-06,Manchester United,Manchester City,Manchester United,Manchester City,1,26909,MATCH_CONFIRMED,EXACT_DATE_TEAMS,EXACT_DATE_TEAMS_SCORE_COMPATIBLE,ENG-Premier League,2024
4362826,26910,2025-04-06,2025-04-06,Tottenham Hotspur,Southampton FC,Tottenham,Southampton,1,26910,MATCH_CONFIRMED,EXACT_DATE_TEAMS,EXACT_DATE_TEAMS_SCORE_COMPATIBLE,ENG-Premier League,2024
4362824,26908,2025-04-07,2025-04-07,Leicester City,Newcastle United,Leicester,Newcastle United,1,26908,MATCH_CONFIRMED,EXACT_DATE_TEAMS,EXACT_DATE_TEAMS_SCORE_COMPATIBLE,ENG-Premier League,2024
4362829,26913,2025-04-12,2025-04-12,Arsenal FC,Brentford FC,Arsenal,Brentford,1,26913,MATCH_CONFIRMED,EXACT_DATE_TEAMS,EXACT_DATE_TEAMS_SCORE_COMPATIBLE,ENG-Premier League,2024
4362830,26914,2025-04-12,2025-04-12,Brighton & Hove Albion,Leicester City,Brighton,Leicester,1,26914,MATCH_CONFIRMED,EXACT_DATE_TEAMS,EXACT_DATE_TEAMS_SCORE_COMPATIBLE,ENG-Premier League,2024
4362833,26917,2025-04-12,2025-04-12,Manchester City,Crystal Palace,Manchester City,Crystal Palace,1,26917,MATCH_CONFIRMED,EXACT_DATE_TEAMS,EXACT_DATE_TEAMS_SCORE_COMPATIBLE,ENG-Premier League,2024
4362835,26920,2025-04-12,2025-04-12,Nottingham Forest,Everton FC,Nottingham Forest,Everton,1,26920,MATCH_CONFIRMED,EXACT_DATE_TEAMS,EXACT_DATE_TEAMS_SCORE_COMPATIBLE,ENG-Premier League,2024
4362836,26921,2025-04-12,2025-04-12,Southampton FC,Aston Villa,Southampton,Aston Villa,1,26921,MATCH_CONFIRMED,EXACT_DATE_TEAMS,EXACT_DATE_TEAMS_SCORE_COMPATIBLE,ENG-Premier League,2024
4362831,26915,2025-04-13,2025-04-13,Chelsea FC,Ipswich Town,Chelsea,Ipswich,1,26915,MATCH_CONFIRMED,EXACT_DATE_TEAMS,EXACT_DATE_TEAMS_SCORE_COMPATIBLE,ENG-Premier League,2024
4362832,26916,2025-04-13,2025-04-13,Liverpool FC,West Ham United,Liverpool,West Ham,1,26916,MATCH_CONFIRMED,EXACT_DATE_TEAMS,EXACT_DATE_TEAMS_SCORE_COMPATIBLE,ENG-Premier League,2024
4362834,26918,2025-04-13,2025-04-13,Newcastle United,Manchester United,Newcastle United,Manchester United,1,26918,MATCH_CONFIRMED,EXACT_DATE_TEAMS,EXACT_DATE_TEAMS_SCORE_COMPATIBLE,ENG-Premier League,2024
4362837,26919,2025-04-13,2025-04-13,Wolverhampton Wanderers,Tottenham Hotspur,Wolverhampton Wanderers,Tottenham,1,26919,MATCH_CONFIRMED,EXACT_DATE_TEAMS,EXACT_DATE_TEAMS_SCORE_COMPATIBLE,ENG-Premier League,2024
4362828,26912,2025-04-14,2025-04-14,AFC Bournemouth,Fulham FC,Bournemouth,Fulham,1,26912,MATCH_CONFIRMED,EXACT_DATE_TEAMS,EXACT_DATE_TEAMS_SCORE_COMPATIBLE,ENG-Premier League,2024
4362806,26890,2025-04-16,2025-04-16,Newcastle United,Crystal Palace,Newcastle United,Crystal Palace,1,26890,MATCH_CONFIRMED,EXACT_DATE_TEAMS,EXACT_DATE_TEAMS_SCORE_COMPATIBLE,ENG-Premier League,2024
4362838,26922,2025-04-19,2025-04-19,Aston Villa,Newcastle United,Aston Villa,Newcastle United,1,26922,MATCH_CONFIRMED,EXACT_DATE_TEAMS,EXACT_DATE_TEAMS_SCORE_COMPATIBLE,ENG-Premier League,2024
4362839,26923,2025-04-19,2025-04-19,Brentford FC,Brighton & Hove Albion,Brentford,Brighton,1,26923,MATCH_CONFIRMED,EXACT_DATE_TEAMS,EXACT_DATE_TEAMS_SCORE_COMPATIBLE,ENG-Premier League,2024
4362840,26924,2025-04-19,2025-04-19,Crystal Palace,AFC Bournemouth,Crystal Palace,Bournemouth,1,26924,MATCH_CONFIRMED,EXACT_DATE_TEAMS,EXACT_DATE_TEAMS_SCORE_COMPATIBLE,ENG-Premier League,2024
4362841,26925,2025-04-19,2025-04-19,Everton FC,Manchester City,Everton,Manchester City,1,26925,MATCH_CONFIRMED,EXACT_DATE_TEAMS,EXACT_DATE_TEAMS_SCORE_COMPATIBLE,ENG-Premier League,2024
4362847,26931,2025-04-19,2025-04-19,West Ham United,Southampton FC,West Ham,Southampton,1,26931,MATCH_CONFIRMED,EXACT_DATE_TEAMS,EXACT_DATE_TEAMS_SCORE_COMPATIBLE,ENG-Premier League,2024
4362842,26926,2025-04-20,2025-04-20,Fulham FC,Chelsea FC,Fulham,Chelsea,1,26926,MATCH_CONFIRMED,EXACT_DATE_TEAMS,EXACT_DATE_TEAMS_SCORE_COMPATIBLE,ENG-Premier League,2024
4362843,26927,2025-04-20,2025-04-20,Ipswich Town,Arsenal FC,Ipswich,Arsenal,1,26927,MATCH_CONFIRMED,EXACT_DATE_TEAMS,EXACT_DATE_TEAMS_SCORE_COMPATIBLE,ENG-Premier League,2024
4362844,26928,2025-04-20,2025-04-20,Leicester City,Liverpool FC,Leicester,Liverpool,1,26928,MATCH_CONFIRMED,EXACT_DATE_TEAMS,EXACT_DATE_TEAMS_SCORE_COMPATIBLE,ENG-Premier League,2024
4362845,26929,2025-04-20,2025-04-20,Manchester United,Wolverhampton Wanderers,Manchester United,Wolverhampton Wanderers,1,26929,MATCH_CONFIRMED,EXACT_DATE_TEAMS,EXACT_DATE_TEAMS_SCORE_COMPATIBLE,ENG-Premier League,2024
4362846,26930,2025-04-21,2025-04-21,Tottenham Hotspur,Nottingham Forest,Tottenham,Nottingham Forest,1,26930,MATCH_CONFIRMED,EXACT_DATE_TEAMS,EXACT_DATE_TEAMS_SCORE_COMPATIBLE,ENG-Premier League,2024
4362853,26937,2025-04-22,2025-04-22,Manchester City,Aston Villa,Manchester City,Aston Villa,1,26937,MATCH_CONFIRMED,EXACT_DATE_TEAMS,EXACT_DATE_TEAMS_SCORE_COMPATIBLE,ENG-Premier League,2024
4362849,26933,2025-04-23,2025-04-23,Arsenal FC,Crystal Palace,Arsenal,Crystal Palace,1,26933,MATCH_CONFIRMED,EXACT_DATE_TEAMS,EXACT_DATE_TEAMS_SCORE_COMPATIBLE,ENG-Premier League,2024
4362850,26934,2025-04-26,2025-04-26,Brighton & Hove Albion,West Ham United,Brighton,West Ham,1,26934,MATCH_CONFIRMED,EXACT_DATE_TEAMS,EXACT_DATE_TEAMS_SCORE_COMPATIBLE,ENG-Premier League,2024
4362851,26935,2025-04-26,2025-04-26,Chelsea FC,Everton FC,Chelsea,Everton,1,26935,MATCH_CONFIRMED,EXACT_DATE_TEAMS,EXACT_DATE_TEAMS_SCORE_COMPATIBLE,ENG-Premier League,2024
4362854,26938,2025-04-26,2025-04-26,Newcastle United,Ipswich Town,Newcastle United,Ipswich,1,26938,MATCH_CONFIRMED,EXACT_DATE_TEAMS,EXACT_DATE_TEAMS_SCORE_COMPATIBLE,ENG-Premier League,2024
4362856,26940,2025-04-26,2025-04-26,Southampton FC,Fulham FC,Southampton,Fulham,1,26940,MATCH_CONFIRMED,EXACT_DATE_TEAMS,EXACT_DATE_TEAMS_SCORE_COMPATIBLE,ENG-Premier League,2024
4362857,26941,2025-04-26,2025-04-26,Wolverhampton Wanderers,Leicester City,Wolverhampton Wanderers,Leicester,1,26941,MATCH_CONFIRMED,EXACT_DATE_TEAMS,EXACT_DATE_TEAMS_SCORE_COMPATIBLE,ENG-Premier League,2024
4362848,26932,2025-04-27,2025-04-27,AFC Bournemouth,Manchester United,Bournemouth,Manchester United,1,26932,MATCH_CONFIRMED,EXACT_DATE_TEAMS,EXACT_DATE_TEAMS_SCORE_COMPATIBLE,ENG-Premier League,2024
4362852,26936,2025-04-27,2025-04-27,Liverpool FC,Tottenham Hotspur,Liverpool,Tottenham,1,26936,MATCH_CONFIRMED,EXACT_DATE_TEAMS,EXACT_DATE_TEAMS_SCORE_COMPATIBLE,ENG-Premier League,2024
4362855,26939,2025-05-01,2025-05-01,Nottingham Forest,Brentford FC,Nottingham Forest,Brentford,1,26939,MATCH_CONFIRMED,EXACT_DATE_TEAMS,EXACT_DATE_TEAMS_SCORE_COMPATIBLE,ENG-Premier League,2024
4362866,26942,2025-05-02,2025-05-02,Manchester City,Wolverhampton Wanderers,Manchester City,Wolverhampton Wanderers,1,26942,MATCH_CONFIRMED,EXACT_DATE_TEAMS,EXACT_DATE_TEAMS_SCORE_COMPATIBLE,ENG-Premier League,2024
4362858,26945,2025-05-03,2025-05-03,Arsenal FC,AFC Bournemouth,Arsenal,Bournemouth,1,26945,MATCH_CONFIRMED,EXACT_DATE_TEAMS,EXACT_DATE_TEAMS_SCORE_COMPATIBLE,ENG-Premier League,2024
4362859,26946,2025-05-03,2025-05-03,Aston Villa,Fulham FC,Aston Villa,Fulham,1,26946,MATCH_CONFIRMED,EXACT_DATE_TEAMS,EXACT_DATE_TEAMS_SCORE_COMPATIBLE,ENG-Premier League,2024
4362864,26950,2025-05-03,2025-05-03,Everton FC,Ipswich Town,Everton,Ipswich,1,26950,MATCH_CONFIRMED,EXACT_DATE_TEAMS,EXACT_DATE_TEAMS_SCORE_COMPATIBLE,ENG-Premier League,2024
4362865,26951,2025-05-03,2025-05-03,Leicester City,Southampton FC,Leicester,Southampton,1,26951,MATCH_CONFIRMED,EXACT_DATE_TEAMS,EXACT_DATE_TEAMS_SCORE_COMPATIBLE,ENG-Premier League,2024
4362860,26947,2025-05-04,2025-05-04,Brentford FC,Manchester United,Brentford,Manchester United,1,26947,MATCH_CONFIRMED,EXACT_DATE_TEAMS,EXACT_DATE_TEAMS_SCORE_COMPATIBLE,ENG-Premier League,2024
4362861,26944,2025-05-04,2025-05-04,Brighton & Hove Albion,Newcastle United,Brighton,Newcastle United,1,26944,MATCH_CONFIRMED,EXACT_DATE_TEAMS,EXACT_DATE_TEAMS_SCORE_COMPATIBLE,ENG-Premier League,2024
4362862,26948,2025-05-04,2025-05-04,Chelsea FC,Liverpool FC,Chelsea,Liverpool,1,26948,MATCH_CONFIRMED,EXACT_DATE_TEAMS,EXACT_DATE_TEAMS_SCORE_COMPATIBLE,ENG-Premier League,2024
4362867,26943,2025-05-04,2025-05-04,West Ham United,Tottenham Hotspur,West Ham,Tottenham,1,26943,MATCH_CONFIRMED,EXACT_DATE_TEAMS,EXACT_DATE_TEAMS_SCORE_COMPATIBLE,ENG-Premier League,2024
4362863,26949,2025-05-05,2025-05-05,Crystal Palace,Nottingham Forest,Crystal Palace,Nottingham Forest,1,26949,MATCH_CONFIRMED,EXACT_DATE_TEAMS,EXACT_DATE_TEAMS_SCORE_COMPATIBLE,ENG-Premier League,2024
4362868,26955,2025-05-10,2025-05-10,AFC Bournemouth,Aston Villa,Bournemouth,Aston Villa,1,26955,MATCH_CONFIRMED,EXACT_DATE_TEAMS,EXACT_DATE_TEAMS_SCORE_COMPATIBLE,ENG-Premier League,2024
4362869,26953,2025-05-10,2025-05-10,Fulham FC,Everton FC,Fulham,Everton,1,26953,MATCH_CONFIRMED,EXACT_DATE_TEAMS,EXACT_DATE_TEAMS_SCORE_COMPATIBLE,ENG-Premier League,2024
4362870,26954,2025-05-10,2025-05-10,Ipswich Town,Brentford FC,Ipswich,Brentford,1,26954,MATCH_CONFIRMED,EXACT_DATE_TEAMS,EXACT_DATE_TEAMS_SCORE_COMPATIBLE,ENG-Premier League,2024
4362875,26959,2025-05-10,2025-05-10,Southampton FC,Manchester City,Southampton,Manchester City,1,26959,MATCH_CONFIRMED,EXACT_DATE_TEAMS,EXACT_DATE_TEAMS_SCORE_COMPATIBLE,ENG-Premier League,2024
4362877,26961,2025-05-10,2025-05-10,Wolverhampton Wanderers,Brighton & Hove Albion,Wolverhampton Wanderers,Brighton,1,26961,MATCH_CONFIRMED,EXACT_DATE_TEAMS,EXACT_DATE_TEAMS_SCORE_COMPATIBLE,ENG-Premier League,2024
4362871,26952,2025-05-11,2025-05-11,Liverpool FC,Arsenal FC,Liverpool,Arsenal,1,26952,MATCH_CONFIRMED,EXACT_DATE_TEAMS,EXACT_DATE_TEAMS_SCORE_COMPATIBLE,ENG-Premier League,2024
4362872,26956,2025-05-11,2025-05-11,Manchester United,West Ham United,Manchester United,West Ham,1,26956,MATCH_CONFIRMED,EXACT_DATE_TEAMS,EXACT_DATE_TEAMS_SCORE_COMPATIBLE,ENG-Premier League,2024
4362873,26957,2025-05-11,2025-05-11,Newcastle United,Chelsea FC,Newcastle United,Chelsea,1,26957,MATCH_CONFIRMED,EXACT_DATE_TEAMS,EXACT_DATE_TEAMS_SCORE_COMPATIBLE,ENG-Premier League,2024
4362874,26958,2025-05-11,2025-05-11,Nottingham Forest,Leicester City,Nottingham Forest,Leicester,1,26958,MATCH_CONFIRMED,EXACT_DATE_TEAMS,EXACT_DATE_TEAMS_SCORE_COMPATIBLE,ENG-Premier League,2024
4362876,26960,2025-05-11,2025-05-11,Tottenham Hotspur,Crystal Palace,Tottenham,Crystal Palace,1,26960,MATCH_CONFIRMED,EXACT_DATE_TEAMS,EXACT_DATE_TEAMS_SCORE_COMPATIBLE,ENG-Premier League,2024
4362879,26963,2025-05-16,2025-05-16,Aston Villa,Tottenham Hotspur,Aston Villa,Tottenham,1,26963,MATCH_CONFIRMED,EXACT_DATE_TEAMS,EXACT_DATE_TEAMS_SCORE_COMPATIBLE,ENG-Premier League,2024
4362882,26966,2025-05-16,2025-05-16,Chelsea FC,Manchester United,Chelsea,Manchester United,1,26966,MATCH_CONFIRMED,EXACT_DATE_TEAMS,EXACT_DATE_TEAMS_SCORE_COMPATIBLE,ENG-Premier League,2024
4362878,26962,2025-05-18,2025-05-18,Arsenal FC,Newcastle United,Arsenal,Newcastle United,1,26962,MATCH_CONFIRMED,EXACT_DATE_TEAMS,EXACT_DATE_TEAMS_SCORE_COMPATIBLE,ENG-Premier League,2024
4362880,26964,2025-05-18,2025-05-18,Brentford FC,Fulham FC,Brentford,Fulham,1,26964,MATCH_CONFIRMED,EXACT_DATE_TEAMS,EXACT_DATE_TEAMS_SCORE_COMPATIBLE,ENG-Premier League,2024
4362884,26968,2025-05-18,2025-05-18,Everton FC,Southampton FC,Everton,Southampton,1,26968,MATCH_CONFIRMED,EXACT_DATE_TEAMS,EXACT_DATE_TEAMS_SCORE_COMPATIBLE,ENG-Premier League,2024
4362885,26969,2025-05-18,2025-05-18,Leicester City,Ipswich Town,Leicester,Ipswich,1,26969,MATCH_CONFIRMED,EXACT_DATE_TEAMS,EXACT_DATE_TEAMS_SCORE_COMPATIBLE,ENG-Premier League,2024
4362887,26971,2025-05-18,2025-05-18,West Ham United,Nottingham Forest,West Ham,Nottingham Forest,1,26971,MATCH_CONFIRMED,EXACT_DATE_TEAMS,EXACT_DATE_TEAMS_SCORE_COMPATIBLE,ENG-Premier League,2024
4362881,26965,2025-05-19,2025-05-19,Brighton & Hove Albion,Liverpool FC,Brighton,Liverpool,1,26965,MATCH_CONFIRMED,EXACT_DATE_TEAMS,EXACT_DATE_TEAMS_SCORE_COMPATIBLE,ENG-Premier League,2024
4362883,26967,2025-05-20,2025-05-20,Crystal Palace,Wolverhampton Wanderers,Crystal Palace,Wolverhampton Wanderers,1,26967,MATCH_CONFIRMED,EXACT_DATE_TEAMS,EXACT_DATE_TEAMS_SCORE_COMPATIBLE,ENG-Premier League,2024
4362886,26970,2025-05-20,2025-05-20,Manchester City,AFC Bournemouth,Manchester City,Bournemouth,1,26970,MATCH_CONFIRMED,EXACT_DATE_TEAMS,EXACT_DATE_TEAMS_SCORE_COMPATIBLE,ENG-Premier League,2024
4361530,26979,2025-05-25,2025-05-25,AFC Bournemouth,Leicester City,Bournemouth,Leicester,1,26979,MATCH_CONFIRMED,EXACT_DATE_TEAMS,EXACT_DATE_TEAMS_SCORE_COMPATIBLE,ENG-Premier League,2024
4361531,26981,2025-05-25,2025-05-25,Fulham FC,Manchester City,Fulham,Manchester City,1,26981,MATCH_CONFIRMED,EXACT_DATE_TEAMS,EXACT_DATE_TEAMS_SCORE_COMPATIBLE,ENG-Premier League,2024
4361532,26980,2025-05-25,2025-05-25,Ipswich Town,West Ham United,Ipswich,West Ham,1,26980,MATCH_CONFIRMED,EXACT_DATE_TEAMS,EXACT_DATE_TEAMS_SCORE_COMPATIBLE,ENG-Premier League,2024
4361533,26975,2025-05-25,2025-05-25,Liverpool FC,Crystal Palace,Liverpool,Crystal Palace,1,26975,MATCH_CONFIRMED,EXACT_DATE_TEAMS,EXACT_DATE_TEAMS_SCORE_COMPATIBLE,ENG-Premier League,2024
4361534,26974,2025-05-25,2025-05-25,Manchester United,Aston Villa,Manchester United,Aston Villa,1,26974,MATCH_CONFIRMED,EXACT_DATE_TEAMS,EXACT_DATE_TEAMS_SCORE_COMPATIBLE,ENG-Premier League,2024
4361535,26973,2025-05-25,2025-05-25,Newcastle United,Everton FC,Newcastle United,Everton,1,26973,MATCH_CONFIRMED,EXACT_DATE_TEAMS,EXACT_DATE_TEAMS_SCORE_COMPATIBLE,ENG-Premier League,2024
4361536,26972,2025-05-25,2025-05-25,Nottingham Forest,Chelsea FC,Nottingham Forest,Chelsea,1,26972,MATCH_CONFIRMED,EXACT_DATE_TEAMS,EXACT_DATE_TEAMS_SCORE_COMPATIBLE,ENG-Premier League,2024
4361537,26977,2025-05-25,2025-05-25,Southampton FC,Arsenal FC,Southampton,Arsenal,1,26977,MATCH_CONFIRMED,EXACT_DATE_TEAMS,EXACT_DATE_TEAMS_SCORE_COMPATIBLE,ENG-Premier League,2024
4361538,26976,2025-05-25,2025-05-25,Tottenham Hotspur,Brighton & Hove Albion,Tottenham,Brighton,1,26976,MATCH_CONFIRMED,EXACT_DATE_TEAMS,EXACT_DATE_TEAMS_SCORE_COMPATIBLE,ENG-Premier League,2024
4361539,26978,2025-05-25,2025-05-25,Wolverhampton Wanderers,Brentford FC,Wolverhampton Wanderers,Brentford,1,26978,MATCH_CONFIRMED,EXACT_DATE_TEAMS,EXACT_DATE_TEAMS_SCORE_COMPATIBLE,ENG-Premier League,2024
